Question,Answer,user_id
–∫–∞–∫–æ–π –ø—Ä–æ—Ö–æ–¥–Ω–æ–π –±–∞–ª–ª –Ω–∞ –±—é–¥–∂–µ—Ç –≤ 2023 –≥–æ–¥—É –Ω–∞ –Ω–∞–ø—Ä–∞–≤–ª–µ–Ω–∏–µ –ú–∞—Ç–µ–º–∞—Ç–∏—á–µ—Å–∫–æ–µ –º–æ–¥–µ–ª–∏—Ä–æ–≤–∞–Ω–∏–µ –¥–∏–Ω–∞–º–∏—á–µ—Å–∫–∏—Ö –ø—Ä–æ—Ü–µ—Å—Å–æ–≤,"–ü—Ä–æ—Ö–æ–¥–Ω–æ–π –±–∞–ª–ª –¥–ª—è –ø–æ—Å—Ç—É–ø–ª–µ–Ω–∏—è –Ω–∞ –±—é–¥–∂–µ—Ç –ø–æ –Ω–∞–ø—Ä–∞–≤–ª–µ–Ω–∏—é <b>–ú–∞—Ç–µ–º–∞—Ç–∏—á–µ—Å–∫–æ–µ –º–æ–¥–µ–ª–∏—Ä–æ–≤–∞–Ω–∏–µ –¥–∏–Ω–∞–º–∏—á–µ—Å–∫–∏—Ö –ø—Ä–æ—Ü–µ—Å—Å–æ–≤</b> –≤ 2023 –≥–æ–¥—É —Å–æ—Å—Ç–∞–≤–∏–ª <b>258 –±–∞–ª–ª–æ–≤</b>. 

–≠—Ç–∞ –æ–±—Ä–∞–∑–æ–≤–∞—Ç–µ–ª—å–Ω–∞—è –ø—Ä–æ–≥—Ä–∞–º–º–∞ –≥–æ—Ç–æ–≤–∏—Ç —Å–ø–µ—Ü–∏–∞–ª–∏—Å—Ç–æ–≤ –≤ –æ–±–ª–∞—Å—Ç–∏ —Ä–∞–∑—Ä–∞–±–æ—Ç–∫–∏ –∏–Ω—Ç–µ–ª–ª–µ–∫—Ç—É–∞–ª—å–Ω—ã—Ö —Å–∏—Å—Ç–µ–º, –≤–∫–ª—é—á–∞—è —Ä–∞–∑—Ä–∞–±–æ—Ç—á–∏–∫–æ–≤ –±–∞–∑ –¥–∞–Ω–Ω—ã—Ö, –º–∞—Ç–µ–º–∞—Ç–∏—á–µ—Å–∫–∏—Ö –∏ –∫–æ–º–ø—å—é—Ç–µ—Ä–Ω—ã—Ö –º–æ–¥–µ–ª–µ–π, –∞ —Ç–∞–∫–∂–µ —Å–ø–µ—Ü–∏–∞–ª–∏—Å—Ç–æ–≤ –ø–æ –∏—Å–∫—É—Å—Å—Ç–≤–µ–Ω–Ω–æ–º—É –∏–Ω—Ç–µ–ª–ª–µ–∫—Ç—É.

–ï—Å–ª–∏ —É –≤–∞—Å –µ—Å—Ç—å –¥–æ–ø–æ–ª–Ω–∏—Ç–µ–ª—å–Ω—ã–µ –≤–æ–ø—Ä–æ—Å—ã –∏–ª–∏ —Ç—Ä–µ–±—É–µ—Ç—Å—è –ø–æ–º–æ—â—å —Å –ø–æ—Å—Ç—É–ø–ª–µ–Ω–∏–µ–º, –ø–æ–∂–∞–ª—É–π—Å—Ç–∞, –Ω–µ —Å—Ç–µ—Å–Ω—è–π—Ç–µ—Å—å —Å–ø—Ä–∞—à–∏–≤–∞—Ç—å! üòä",948996424
–∫–∞–∫–æ–π –ø—Ä–æ—Ö–æ–¥–Ω–æ–π –±–∞–ª–ª –Ω–∞ –±—é–¥–∂–µ—Ç –≤ 2023 –≥–æ–¥—É –Ω–∞ –Ω–∞–ø—Ä–∞–≤–ª–µ–Ω–∏–µ –ú–∞—Ç–µ–º–∞—Ç–∏—á–µ—Å–∫–æ–µ –º–æ–¥–µ–ª–∏—Ä–æ–≤–∞–Ω–∏–µ –¥–∏–Ω–∞–º–∏—á–µ—Å–∫–∏—Ö –ø—Ä–æ—Ü–µ—Å—Å–æ–≤,"–ü—Ä–æ—Ö–æ–¥–Ω–æ–π –±–∞–ª–ª –Ω–∞ –±—é–¥–∂–µ—Ç –≤ 2023 –≥–æ–¥—É –Ω–∞ –Ω–∞–ø—Ä–∞–≤–ª–µ–Ω–∏–µ <b>–ú–∞—Ç–µ–º–∞—Ç–∏—á–µ—Å–∫–æ–µ –º–æ–¥–µ–ª–∏—Ä–æ–≤–∞–Ω–∏–µ –¥–∏–Ω–∞–º–∏—á–µ—Å–∫–∏—Ö –ø—Ä–æ—Ü–µ—Å—Å–æ–≤</b> —Å–æ—Å—Ç–∞–≤–ª—è–µ—Ç <b>258</b> –±–∞–ª–ª–æ–≤. –≠—Ç–æ –Ω–∞–ø—Ä–∞–≤–ª–µ–Ω–∏–µ —Ä–µ–∞–ª–∏–∑—É–µ—Ç—Å—è –Ω–∞ —Ñ–∞–∫—É–ª—å—Ç–µ—Ç–µ <b>–§–ù1</b> –∏ –Ω–∞—Ü–µ–ª–µ–Ω–æ –Ω–∞ –ø–æ–¥–≥–æ—Ç–æ–≤–∫—É —Å–ø–µ—Ü–∏–∞–ª–∏—Å—Ç–æ–≤ –≤ –æ–±–ª–∞—Å—Ç–∏ —Ä–∞–∑—Ä–∞–±–æ—Ç–∫–∏ –∏–Ω—Ç–µ–ª–ª–µ–∫—Ç—É–∞–ª—å–Ω—ã—Ö —Å–∏—Å—Ç–µ–º, –≤–∫–ª—é—á–∞—è –±–∞–∑—ã –¥–∞–Ω–Ω—ã—Ö, –º–∞—Ç–µ–º–∞—Ç–∏—á–µ—Å–∫–∏–µ –∏ –∫–æ–º–ø—å—é—Ç–µ—Ä–Ω—ã–µ –º–æ–¥–µ–ª–∏, –∞ —Ç–∞–∫–∂–µ —Å–∏—Å—Ç–µ–º—ã –∏—Å–∫—É—Å—Å—Ç–≤–µ–Ω–Ω–æ–≥–æ –∏–Ω—Ç–µ–ª–ª–µ–∫—Ç–∞.

–ï—Å–ª–∏ —É –≤–∞—Å –µ—Å—Ç—å –¥–æ–ø–æ–ª–Ω–∏—Ç–µ–ª—å–Ω—ã–µ –≤–æ–ø—Ä–æ—Å—ã –∏–ª–∏ –Ω—É–∂–Ω–∞ –ø–æ–º–æ—â—å, –Ω–µ —Å—Ç–µ—Å–Ω—è–π—Ç–µ—Å—å –æ–±—Ä–∞—â–∞—Ç—å—Å—è! üòä",5096305832
–∫–∞–∫–æ–π –ø—Ä–æ—Ö–æ–¥–Ω–æ–π –±–∞–ª–ª –Ω–∞ –±—é–¥–∂–µ—Ç –≤ 2023 –≥–æ–¥—É –Ω–∞ –Ω–∞–ø—Ä–∞–≤–ª–µ–Ω–∏–µ –ú–∞—Ç–µ–º–∞—Ç–∏—á–µ—Å–∫–æ–µ –º–æ–¥–µ–ª–∏—Ä–æ–≤–∞–Ω–∏–µ –¥–∏–Ω–∞–º–∏—á–µ—Å–∫–∏—Ö –ø—Ä–æ—Ü–µ—Å—Å–æ–≤,"–ü—Ä–æ—Ö–æ–¥–Ω–æ–π –±–∞–ª–ª –¥–ª—è –ø–æ—Å—Ç—É–ø–ª–µ–Ω–∏—è –Ω–∞ –±—é–¥–∂–µ—Ç –ø–æ –Ω–∞–ø—Ä–∞–≤–ª–µ–Ω–∏—é <b>–ú–∞—Ç–µ–º–∞—Ç–∏—á–µ—Å–∫–æ–µ –º–æ–¥–µ–ª–∏—Ä–æ–≤–∞–Ω–∏–µ –¥–∏–Ω–∞–º–∏—á–µ—Å–∫–∏—Ö –ø—Ä–æ—Ü–µ—Å—Å–æ–≤</b> –≤ 2023 –≥–æ–¥—É —Å–æ—Å—Ç–∞–≤–∏–ª <b>258</b> –±–∞–ª–ª–æ–≤. 

–≠—Ç–∞ –æ–±—Ä–∞–∑–æ–≤–∞—Ç–µ–ª—å–Ω–∞—è –ø—Ä–æ–≥—Ä–∞–º–º–∞ –Ω–∞–ø—Ä–∞–≤–ª–µ–Ω–∞ –Ω–∞ –ø–æ–¥–≥–æ—Ç–æ–≤–∫—É —Å–ø–µ—Ü–∏–∞–ª–∏—Å—Ç–æ–≤ –≤ –æ–±–ª–∞—Å—Ç–∏ —Ä–∞–∑—Ä–∞–±–æ—Ç–∫–∏ –∏–Ω—Ç–µ–ª–ª–µ–∫—Ç—É–∞–ª—å–Ω—ã—Ö —Å–∏—Å—Ç–µ–º, –≤–∫–ª—é—á–∞—è —Ä–∞–∑—Ä–∞–±–æ—Ç–∫—É –±–∞–∑ –¥–∞–Ω–Ω—ã—Ö, –º–∞—Ç–µ–º–∞—Ç–∏—á–µ—Å–∫–∏—Ö –∏ –∫–æ–º–ø—å—é—Ç–µ—Ä–Ω—ã—Ö –º–æ–¥–µ–ª–µ–π, –∞ —Ç–∞–∫–∂–µ —Å–∏—Å—Ç–µ–º–Ω—ã—Ö –∞–Ω–∞–ª–∏—Ç–∏–∫–æ–≤ –∏ —Å–ø–µ—Ü–∏–∞–ª–∏—Å—Ç–æ–≤ –ø–æ –∏—Å–∫—É—Å—Å—Ç–≤–µ–Ω–Ω–æ–º—É –∏–Ω—Ç–µ–ª–ª–µ–∫—Ç—É.

–ï—Å–ª–∏ —É –≤–∞—Å –µ—Å—Ç—å –¥–æ–ø–æ–ª–Ω–∏—Ç–µ–ª—å–Ω—ã–µ –≤–æ–ø—Ä–æ—Å—ã –æ –ø–æ—Å—Ç—É–ø–ª–µ–Ω–∏–∏ –∏–ª–∏ –¥—Ä—É–≥–∏—Ö –Ω–∞–ø—Ä–∞–≤–ª–µ–Ω–∏—è—Ö, –Ω–µ —Å—Ç–µ—Å–Ω—è–π—Ç–µ—Å—å —Å–ø—Ä–∞—à–∏–≤–∞—Ç—å! üòä",948996424
–∫–∞–∫–æ–π –ø—Ä–æ—Ö–æ–¥–Ω–æ–π –±–∞–ª–ª –Ω–∞ –±—é–¥–∂–µ—Ç –≤ 2023 –≥–æ–¥—É –Ω–∞ –Ω–∞–ø—Ä–∞–≤–ª–µ–Ω–∏–µ –£–ø—Ä–∞–≤–ª–µ–Ω–∏–µ –≤ —Ç–µ—Ö–Ω–∏—á–µ—Å–∫–∏—Ö —Å–∏—Å—Ç–µ–º–∞—Ö,"–ü—Ä–æ—Ö–æ–¥–Ω–æ–π –±–∞–ª–ª –Ω–∞ –±—é–¥–∂–µ—Ç–Ω–æ–µ –æ–±—É—á–µ–Ω–∏–µ –ø–æ –Ω–∞–ø—Ä–∞–≤–ª–µ–Ω–∏—é ""–£–ø—Ä–∞–≤–ª–µ–Ω–∏–µ –≤ —Ç–µ—Ö–Ω–∏—á–µ—Å–∫–∏—Ö —Å–∏—Å—Ç–µ–º–∞—Ö"" –≤ 2023 –≥–æ–¥—É —Å–æ—Å—Ç–∞–≤–ª—è–µ—Ç <b>220</b> –±–∞–ª–ª–æ–≤. 

–ï—Å–ª–∏ —É –≤–∞—Å –µ—Å—Ç—å –¥–æ–ø–æ–ª–Ω–∏—Ç–µ–ª—å–Ω—ã–µ –≤–æ–ø—Ä–æ—Å—ã –æ –ø–æ—Å—Ç—É–ø–ª–µ–Ω–∏–∏ –∏–ª–∏ –¥—Ä—É–≥–∏—Ö –Ω–∞–ø—Ä–∞–≤–ª–µ–Ω–∏—è—Ö, –ø–æ–∂–∞–ª—É–π—Å—Ç–∞, –¥–∞–π—Ç–µ –∑–Ω–∞—Ç—å! üòä",948996424
–∫–∞–∫–æ–π –ø—Ä–æ—Ö–æ–¥–Ω–æ–π –±–∞–ª–ª –Ω–∞ –±—é–¥–∂–µ—Ç –≤ 2023 –≥–æ–¥—É –Ω–∞ –Ω–∞–ø—Ä–∞–≤–ª–µ–Ω–∏–µ –£–ø—Ä–∞–≤–ª–µ–Ω–∏–µ –≤ —Ç–µ—Ö–Ω–∏—á–µ—Å–∫–∏—Ö —Å–∏—Å—Ç–µ–º–∞—Ö,"–ù–∞ –Ω–∞–ø—Ä–∞–≤–ª–µ–Ω–∏–µ ""–£–ø—Ä–∞–≤–ª–µ–Ω–∏–µ –≤ —Ç–µ—Ö–Ω–∏—á–µ—Å–∫–∏—Ö —Å–∏—Å—Ç–µ–º–∞—Ö"" –≤ 2023 –≥–æ–¥—É –ø—Ä–æ—Ö–æ–¥–Ω–æ–π –±–∞–ª–ª –Ω–∞ –±—é–¥–∂–µ—Ç —Å–æ—Å—Ç–∞–≤–∏–ª <b>220</b> –±–∞–ª–ª–æ–≤. 

–ï—Å–ª–∏ —É –≤–∞—Å –µ—Å—Ç—å –¥–æ–ø–æ–ª–Ω–∏—Ç–µ–ª—å–Ω—ã–µ –≤–æ–ø—Ä–æ—Å—ã –æ –ø–æ—Å—Ç—É–ø–ª–µ–Ω–∏–∏ –∏–ª–∏ –¥—Ä—É–≥–∏—Ö –Ω–∞–ø—Ä–∞–≤–ª–µ–Ω–∏—è—Ö –æ–±—É—á–µ–Ω–∏—è, –ø–æ–∂–∞–ª—É–π—Å—Ç–∞, –¥–∞–π—Ç–µ –∑–Ω–∞—Ç—å! üòä",948996424
–∫–∞–∫–æ–π –ø—Ä–æ—Ö–æ–¥–Ω–æ–π –±–∞–ª–ª –Ω–∞ –±—é–¥–∂–µ—Ç –≤ 2023 –≥–æ–¥—É –Ω–∞ –Ω–∞–ø—Ä–∞–≤–ª–µ–Ω–∏–µ –ü—Ä–æ–≥—Ä–∞–º–º–Ω–∞—è –∏–Ω–∂–µ–Ω–µ—Ä–∏—è,"<b>–ü—Ä–æ—Ö–æ–¥–Ω–æ–π –±–∞–ª–ª –Ω–∞ –±—é–¥–∂–µ—Ç –≤ 2023 –≥–æ–¥—É</b> –¥–ª—è –Ω–∞–ø—Ä–∞–≤–ª–µ–Ω–∏—è <i>–ü—Ä–æ–≥—Ä–∞–º–º–Ω–∞—è –∏–Ω–∂–µ–Ω–µ—Ä–∏—è</i> (–∫–æ–¥ 09.03.04, –ø—Ä–æ—Ñ–∏–ª—å ""–ü—Ä–æ–≥—Ä–∞–º–º–Ω–æ–µ –æ–±–µ—Å–ø–µ—á–µ–Ω–∏–µ —Å–∏—Å—Ç–µ–º –∏—Å–∫—É—Å—Å—Ç–≤–µ–Ω–Ω–æ–≥–æ –∏–Ω—Ç–µ–ª–ª–µ–∫—Ç–∞"") —Å–æ—Å—Ç–∞–≤–∏–ª <u>265 –±–∞–ª–ª–æ–≤</u>. 

–ï—Å–ª–∏ —É –≤–∞—Å –µ—Å—Ç—å –¥–æ–ø–æ–ª–Ω–∏—Ç–µ–ª—å–Ω—ã–µ –≤–æ–ø—Ä–æ—Å—ã –∏–ª–∏ –Ω—É–∂–Ω–∞ –ø–æ–º–æ—â—å —Å –ø–æ—Å—Ç—É–ø–ª–µ–Ω–∏–µ–º, –Ω–µ —Å—Ç–µ—Å–Ω—è–π—Ç–µ—Å—å –æ–±—Ä–∞—â–∞—Ç—å—Å—è! üòä",948996424
–∫–∞–∫–æ–π –ø—Ä–æ—Ö–æ–¥–Ω–æ–π –±–∞–ª–ª –Ω–∞ –±—é–¥–∂–µ—Ç –≤ 2023 –≥–æ–¥—É –Ω–∞ –Ω–∞–ø—Ä–∞–≤–ª–µ–Ω–∏–µ –ü—Ä–æ–≥—Ä–∞–º–º–Ω–∞—è –∏–Ω–∂–µ–Ω–µ—Ä–∏—è,"–ü—Ä–æ—Ö–æ–¥–Ω–æ–π –±–∞–ª–ª –Ω–∞ –±—é–¥–∂–µ—Ç –≤ 2023 –≥–æ–¥—É –Ω–∞ –Ω–∞–ø—Ä–∞–≤–ª–µ–Ω–∏–µ <b>–ü—Ä–æ–≥—Ä–∞–º–º–Ω–∞—è –∏–Ω–∂–µ–Ω–µ—Ä–∏—è</b> —Å–æ—Å—Ç–∞–≤–ª—è–µ—Ç <b>199</b> –±–∞–ª–ª–æ–≤. –ï—Å–ª–∏ —É –≤–∞—Å –µ—Å—Ç—å –¥–æ–ø–æ–ª–Ω–∏—Ç–µ–ª—å–Ω—ã–µ –≤–æ–ø—Ä–æ—Å—ã –æ –ø–æ—Å—Ç—É–ø–ª–µ–Ω–∏–∏ –∏–ª–∏ –¥—Ä—É–≥–∏—Ö –Ω–∞–ø—Ä–∞–≤–ª–µ–Ω–∏—è—Ö –æ–±—É—á–µ–Ω–∏—è, –ø–æ–∂–∞–ª—É–π—Å—Ç–∞, –¥–∞–π—Ç–µ –∑–Ω–∞—Ç—å! üòä",948996424
–∫–∞–∫–æ–π –ø—Ä–æ—Ö–æ–¥–Ω–æ–π –±–∞–ª–ª –Ω–∞ –±—é–¥–∂–µ—Ç –≤ 2023 –≥–æ–¥—É –Ω–∞ –Ω–∞–ø—Ä–∞–≤–ª–µ–Ω–∏–µ –ü—Ä–æ–≥—Ä–∞–º–º–Ω–∞—è –∏–Ω–∂–µ–Ω–µ—Ä–∏—è,"–ù–∞ –Ω–∞–ø—Ä–∞–≤–ª–µ–Ω–∏–µ <b>–ü—Ä–æ–≥—Ä–∞–º–º–Ω–∞—è –∏–Ω–∂–µ–Ω–µ—Ä–∏—è</b> (–∫–æ–¥ 09.03.04, –ø—Ä–æ—Ñ–∏–ª—å 02) –≤ 2023 –≥–æ–¥—É –ø—Ä–æ—Ö–æ–¥–Ω–æ–π –±–∞–ª–ª –Ω–∞ –±—é–¥–∂–µ—Ç —Å–æ—Å—Ç–∞–≤–ª—è–µ—Ç <b>265</b> –±–∞–ª–ª–æ–≤. 

–ï—Å–ª–∏ —É –≤–∞—Å –µ—Å—Ç—å –¥–æ–ø–æ–ª–Ω–∏—Ç–µ–ª—å–Ω—ã–µ –≤–æ–ø—Ä–æ—Å—ã –æ –ø–æ—Å—Ç—É–ø–ª–µ–Ω–∏–∏ –∏–ª–∏ –¥—Ä—É–≥–∏—Ö –Ω–∞–ø—Ä–∞–≤–ª–µ–Ω–∏—è—Ö, –Ω–µ —Å—Ç–µ—Å–Ω—è–π—Ç–µ—Å—å —Å–ø—Ä–∞—à–∏–≤–∞—Ç—å! üòä",948996424
–∫–∞–∫–æ–π –ø—Ä–æ—Ö–æ–¥–Ω–æ–π –±–∞–ª–ª –Ω–∞ –±—é–¥–∂–µ—Ç –≤ 2023 –≥–æ–¥—É –Ω–∞ –Ω–∞–ø—Ä–∞–≤–ª–µ–Ω–∏–µ –ü—Ä–æ–≥—Ä–∞–º–º–Ω–∞—è –∏–Ω–∂–µ–Ω–µ—Ä–∏—è,"–î–ª—è –Ω–∞–ø—Ä–∞–≤–ª–µ–Ω–∏—è <b>–ü—Ä–æ–≥—Ä–∞–º–º–Ω–æ–µ –æ–±–µ—Å–ø–µ—á–µ–Ω–∏–µ —Å–∏—Å—Ç–µ–º –∏—Å–∫—É—Å—Å—Ç–≤–µ–Ω–Ω–æ–≥–æ –∏–Ω—Ç–µ–ª–ª–µ–∫—Ç–∞</b> (–∫–æ–¥ 09.03.04, –ø—Ä–æ—Ñ–∏–ª—å 02) –Ω–∞ —Ñ–∞–∫—É–ª—å—Ç–µ—Ç–µ –ò–£7 –≤ 2023 –≥–æ–¥—É –ø—Ä–æ—Ö–æ–¥–Ω–æ–π –±–∞–ª–ª –Ω–∞ –±—é–¥–∂–µ—Ç —Å–æ—Å—Ç–∞–≤–∏–ª <b>265</b> –±–∞–ª–ª–æ–≤. 

–ï—Å–ª–∏ —É –≤–∞—Å –µ—Å—Ç—å –¥–æ–ø–æ–ª–Ω–∏—Ç–µ–ª—å–Ω—ã–µ –≤–æ–ø—Ä–æ—Å—ã –∏–ª–∏ –Ω—É–∂–Ω–∞ –ø–æ–º–æ—â—å —Å –ø–æ—Å—Ç—É–ø–ª–µ–Ω–∏–µ–º, –Ω–µ —Å—Ç–µ—Å–Ω—è–π—Ç–µ—Å—å –æ–±—Ä–∞—â–∞—Ç—å—Å—è! üòä",948996424
–∫–∞–∫–æ–π –ø—Ä–æ—Ö–æ–¥–Ω–æ–π –±–∞–ª–ª –Ω–∞ –±—é–¥–∂–µ—Ç –≤ 2023 –≥–æ–¥—É –Ω–∞ –Ω–∞–ø—Ä–∞–≤–ª–µ–Ω–∏–µ –£–ø—Ä–∞–≤–ª–µ–Ω–∏–µ –≤ —Ç–µ—Ö–Ω–∏—á–µ—Å–∫–∏—Ö —Å–∏—Å—Ç–µ–º–∞—Ö,"–ù–∞ –Ω–∞–ø—Ä–∞–≤–ª–µ–Ω–∏–µ <b>–£–ø—Ä–∞–≤–ª–µ–Ω–∏–µ –≤ —Ç–µ—Ö–Ω–∏—á–µ—Å–∫–∏—Ö —Å–∏—Å—Ç–µ–º–∞—Ö</b> –≤ 2023 –≥–æ–¥—É –ø—Ä–æ—Ö–æ–¥–Ω–æ–π –±–∞–ª–ª –Ω–∞ –±—é–¥–∂–µ—Ç —Å–æ—Å—Ç–∞–≤–∏–ª <b>220</b> –±–∞–ª–ª–æ–≤. 

–ï—Å–ª–∏ —É –≤–∞—Å –µ—Å—Ç—å –¥–æ–ø–æ–ª–Ω–∏—Ç–µ–ª—å–Ω—ã–µ –≤–æ–ø—Ä–æ—Å—ã –æ –ø–æ—Å—Ç—É–ø–ª–µ–Ω–∏–∏ –∏–ª–∏ –¥—Ä—É–≥–∏—Ö –Ω–∞–ø—Ä–∞–≤–ª–µ–Ω–∏—è—Ö –æ–±—É—á–µ–Ω–∏—è, –Ω–µ —Å—Ç–µ—Å–Ω—è–π—Ç–µ—Å—å —Å–ø—Ä–∞—à–∏–≤–∞—Ç—å! üòä",948996424
–î–Ω–∏ –ø—Ä–∏–µ–º–Ω–æ–π –∫–æ–º–∏—Å—Å–∏–∏,"–î–æ–±—Ä—ã–π –¥–µ–Ω—å! üòä –°–ø–∞—Å–∏–±–æ –∑–∞ –≤–∞—à –∏–Ω—Ç–µ—Ä–µ—Å –∫ –ú–ì–¢–£ –∏–º. –ù.–≠. –ë–∞—É–º–∞–Ω–∞, –æ–¥–Ω–æ–º—É –∏–∑ –ª—É—á—à–∏—Ö —Ç–µ—Ö–Ω–∏—á–µ—Å–∫–∏—Ö —É–Ω–∏–≤–µ—Ä—Å–∏—Ç–µ—Ç–æ–≤ –†–æ—Å—Å–∏–∏. –ï—Å–ª–∏ —É –≤–∞—Å –µ—Å—Ç—å –≤–æ–ø—Ä–æ—Å—ã –æ —Å—Ä–æ–∫–∞—Ö –ø—Ä–∏—ë–º–∞, –¥–æ–∫—É–º–µ–Ω—Ç–∞—Ö –∏–ª–∏ –æ–±—Ä–∞–∑–æ–≤–∞—Ç–µ–ª—å–Ω—ã—Ö –ø—Ä–æ–≥—Ä–∞–º–º–∞—Ö, –ø–æ–∂–∞–ª—É–π—Å—Ç–∞, —É—Ç–æ—á–Ω–∏—Ç–µ, –∏ —è —Å —Ä–∞–¥–æ—Å—Ç—å—é –ø–æ–º–æ–≥—É!",1663583306
"–Ø –ø—Ä–æ–≥—Ä–∞–º–º–∏—Å—Ç, –≤ –∫–∞–∫–æ–µ –ø—Ä–µ–¥–ø—Ä–∏—è—Ç–∏–µ –º–Ω–µ –∏–¥—Ç–∏","–ó–¥—Ä–∞–≤—Å—Ç–≤—É–π—Ç–µ! –†–∞–¥ –ø—Ä–∏–≤–µ—Ç—Å—Ç–≤–æ–≤–∞—Ç—å –≤–∞—Å –Ω–∞ —Å–∞–π—Ç–µ –ú–ì–¢–£ –∏–º. –ù.–≠. –ë–∞—É–º–∞–Ω–∞, –æ–¥–Ω–æ–≥–æ –∏–∑ –ª—É—á—à–∏—Ö —Ç–µ—Ö–Ω–∏—á–µ—Å–∫–∏—Ö —É–Ω–∏–≤–µ—Ä—Å–∏—Ç–µ—Ç–æ–≤ –†–æ—Å—Å–∏–∏! üòä

–ö —Å–æ–∂–∞–ª–µ–Ω–∏—é, —è –Ω–µ –º–æ–≥—É –ø–æ–º–æ—á—å —Å –≤–æ–ø—Ä–æ—Å–∞–º–∏ –æ —Ç—Ä—É–¥–æ—É—Å—Ç—Ä–æ–π—Å—Ç–≤–µ –∏–ª–∏ –≤—ã–±–æ—Ä–µ –ø—Ä–µ–¥–ø—Ä–∏—è—Ç–∏—è –¥–ª—è —Ä–∞–±–æ—Ç—ã. –û–¥–Ω–∞–∫–æ, –µ—Å–ª–∏ –≤–∞—Å –∏–Ω—Ç–µ—Ä–µ—Å—É–µ—Ç –ø–æ—Å—Ç—É–ø–ª–µ–Ω–∏–µ –Ω–∞ –ø—Ä–æ–≥—Ä–∞–º–º–∏—Ä–æ–≤–∞–Ω–∏–µ –∏–ª–∏ —Å–≤—è–∑–∞–Ω–Ω—ã–µ –Ω–∞–ø—Ä–∞–≤–ª–µ–Ω–∏—è –≤ –Ω–∞—à–µ–º —É–Ω–∏–≤–µ—Ä—Å–∏—Ç–µ—Ç–µ, —è —Å —É–¥–æ–≤–æ–ª—å—Å—Ç–≤–∏–µ–º –æ—Ç–≤–µ—á—É –Ω–∞ –≤–∞—à–∏ –≤–æ–ø—Ä–æ—Å—ã!",1663583306
–ü—Ä–æ—Ö–æ–¥–Ω–æ–π –±–∞–ª–ª –Ω–∞ –±—é–¥–∂–µ—Ç –Ω–∞ –∏–Ω—Ñ–æ—Ä–º–∞—Ü–∏–æ–Ω–Ω–æ–≥–æ –∞–Ω–∞–ª–∏—Ç–∏–∫–∞,"–î–ª—è –Ω–∞–ø—Ä–∞–≤–ª–µ–Ω–∏—è <b>–ò–Ω—Ñ–æ—Ä–º–∞—Ü–∏–æ–Ω–Ω–∞—è –∞–Ω–∞–ª–∏—Ç–∏–∫–∞</b> (–∫–æ–¥ 09.03.03, –ø—Ä–æ—Ñ–∏–ª—å 01) –Ω–∞ –±—é–¥–∂–µ—Ç–Ω—É—é –æ—Å–Ω–æ–≤—É –≤ 2024 –≥–æ–¥—É –ø—Ä–æ—Ö–æ–¥–Ω–æ–π –±–∞–ª–ª —Å–æ—Å—Ç–∞–≤–ª—è–µ—Ç <b>280</b>. 

–í –ø—Ä–æ—à–ª–æ–º –≥–æ–¥—É, –≤ 2023, –ø—Ä–æ—Ö–æ–¥–Ω–æ–π –±–∞–ª–ª –Ω–∞ –±—é–¥–∂–µ—Ç –±—ã–ª <b>265</b>. –î–ª—è –ø–ª–∞—Ç–Ω–æ–≥–æ –æ–±—É—á–µ–Ω–∏—è –≤ 2024 –≥–æ–¥—É –ø—Ä–æ—Ö–æ–¥–Ω–æ–π –±–∞–ª–ª —Å–æ—Å—Ç–∞–≤–ª—è–µ—Ç <b>161</b>, –∞ –≤ 2023 –≥–æ–¥—É ‚Äî <b>197</b>.

–û–±—Ä–∞–∑–æ–≤–∞—Ç–µ–ª—å–Ω–∞—è –ø—Ä–æ–≥—Ä–∞–º–º–∞ –Ω–∞–ø—Ä–∞–≤–ª–µ–Ω–∞ –Ω–∞ –æ—Å–≤–æ–µ–Ω–∏–µ –∞–Ω–∞–ª–∏—Ç–∏—á–µ—Å–∫–æ–≥–æ –∏–Ω—Å—Ç—Ä—É–º–µ–Ω—Ç–∞—Ä–∏—è –∏—Å—Å–ª–µ–¥–æ–≤–∞–Ω–∏—è —Å–æ—Ü–∏–∞–ª—å–Ω–æ–π —Å—Ñ–µ—Ä—ã –∏ –∞–Ω–∞–ª–∏–∑–∞ —Å–º—ã—Å–ª–æ–≤–æ–π –∏–Ω—Ñ–æ—Ä–º–∞—Ü–∏–∏ –¥–ª—è –ø–æ–¥–≥–æ—Ç–æ–≤–∫–∏ –∏ –ø—Ä–∏–Ω—è—Ç–∏—è —É–ø—Ä–∞–≤–ª–µ–Ω—á–µ—Å–∫–∏—Ö —Ä–µ—à–µ–Ω–∏–π. 

–ï—Å–ª–∏ —É –≤–∞—Å –µ—Å—Ç—å –¥–æ–ø–æ–ª–Ω–∏—Ç–µ–ª—å–Ω—ã–µ –≤–æ–ø—Ä–æ—Å—ã –æ –ø–æ—Å—Ç—É–ø–ª–µ–Ω–∏–∏ –∏–ª–∏ –¥—Ä—É–≥–∏—Ö –Ω–∞–ø—Ä–∞–≤–ª–µ–Ω–∏—è—Ö, –ø–æ–∂–∞–ª—É–π—Å—Ç–∞, –¥–∞–π—Ç–µ –∑–Ω–∞—Ç—å! üòä",1663583306
–ü—Ä–æ—Ö–æ–¥–Ω–æ–π –±–∞–ª–ª –Ω–∞ –±—é–¥–∂–µ—Ç –Ω–∞ —Å–æ—Ü–∏–æ–ª–æ–≥–∞,"–ó–¥—Ä–∞–≤—Å—Ç–≤—É–π—Ç–µ! –°–ø–∞—Å–∏–±–æ –∑–∞ –≤–∞—à –∏–Ω—Ç–µ—Ä–µ—Å –∫ –ú–ì–¢–£ –∏–º. –ù.–≠. –ë–∞—É–º–∞–Ω–∞. –ö —Å–æ–∂–∞–ª–µ–Ω–∏—é, —É –Ω–∞—Å –Ω–µ—Ç –Ω–∞–ø—Ä–∞–≤–ª–µ–Ω–∏—è ""–°–æ—Ü–∏–æ–ª–æ–≥–∏—è"", —Ç–∞–∫ –∫–∞–∫ –Ω–∞—à —É–Ω–∏–≤–µ—Ä—Å–∏—Ç–µ—Ç —Å–ø–µ—Ü–∏–∞–ª–∏–∑–∏—Ä—É–µ—Ç—Å—è –Ω–∞ —Ç–µ—Ö–Ω–∏—á–µ—Å–∫–∏—Ö –∏ –∏–Ω–∂–µ–Ω–µ—Ä–Ω—ã—Ö —Å–ø–µ—Ü–∏–∞–ª—å–Ω–æ—Å—Ç—è—Ö.

–ï—Å–ª–∏ –≤–∞—Å –∏–Ω—Ç–µ—Ä–µ—Å—É–µ—Ç –∏–Ω—Ñ–æ—Ä–º–∞—Ü–∏—è –æ –¥—Ä—É–≥–∏—Ö –Ω–∞–ø—Ä–∞–≤–ª–µ–Ω–∏—è—Ö –æ–±—É—á–µ–Ω–∏—è, –ø—Ä–æ—Ö–æ–¥–Ω—ã—Ö –±–∞–ª–ª–∞—Ö –∏–ª–∏ —É—Å–ª–æ–≤–∏—è—Ö –ø–æ—Å—Ç—É–ø–ª–µ–Ω–∏—è, –ø–æ–∂–∞–ª—É–π—Å—Ç–∞, –¥–∞–π—Ç–µ –∑–Ω–∞—Ç—å! –Ø —Å —É–¥–æ–≤–æ–ª—å—Å—Ç–≤–∏–µ–º –ø–æ–º–æ–≥—É –≤–∞–º. 

–ù–µ –∑–∞–±—É–¥—å—Ç–µ —Ç–∞–∫–∂–µ –æ–∑–Ω–∞–∫–æ–º–∏—Ç—å—Å—è —Å –∏–Ω—Ñ–æ—Ä–º–∞—Ü–∏–µ–π –Ω–∞ –Ω–∞—à–µ–º <b>–æ—Ñ–∏—Ü–∏–∞–ª—å–Ω–æ–º —Å–∞–π—Ç–µ</b>: <a href=""http://vk.com/ab_bmstu1830"">http://vk.com/ab_bmstu1830</a>.",1663583306
"–Ø –ø—Ä–æ–≥—Ä–∞–º–º–∏—Å—Ç, –≤ –∫–∞–∫–æ–µ –ø—Ä–µ–¥–ø—Ä–∏—è—Ç–∏–µ –º–Ω–µ –∏–¥—Ç–∏","–ó–¥—Ä–∞–≤—Å—Ç–≤—É–π—Ç–µ! –†–∞–¥ –ø—Ä–∏–≤–µ—Ç—Å—Ç–≤–æ–≤–∞—Ç—å –≤–∞—Å –∏ –ø–æ–º–æ—á—å —Å –≤–æ–ø—Ä–æ—Å–∞–º–∏ –æ –ø–æ—Å—Ç—É–ø–ª–µ–Ω–∏–∏ –≤ –ú–ì–¢–£ –∏–º. –ù.–≠. –ë–∞—É–º–∞–Ω–∞, –æ–¥–Ω–æ–º –∏–∑ –ª—É—á—à–∏—Ö —Ç–µ—Ö–Ω–∏—á–µ—Å–∫–∏—Ö —É–Ω–∏–≤–µ—Ä—Å–∏—Ç–µ—Ç–æ–≤ –†–æ—Å—Å–∏–∏!

–ö —Å–æ–∂–∞–ª–µ–Ω–∏—é, —è –Ω–µ –º–æ–≥—É –ø—Ä–µ–¥–æ—Å—Ç–∞–≤–∏—Ç—å –∏–Ω—Ñ–æ—Ä–º–∞—Ü–∏—é –æ —Ç—Ä—É–¥–æ—É—Å—Ç—Ä–æ–π—Å—Ç–≤–µ –∏ –ø—Ä–µ–¥–ø—Ä–∏—è—Ç–∏—è—Ö –¥–ª—è –ø—Ä–æ–≥—Ä–∞–º–º–∏—Å—Ç–æ–≤. –û–¥–Ω–∞–∫–æ, –µ—Å–ª–∏ —É –≤–∞—Å –µ—Å—Ç—å –≤–æ–ø—Ä–æ—Å—ã –æ –ø–æ—Å—Ç—É–ø–ª–µ–Ω–∏–∏, —ç–∫–∑–∞–º–µ–Ω–∞—Ö –∏–ª–∏ –æ–±—Ä–∞–∑–æ–≤–∞—Ç–µ–ª—å–Ω—ã—Ö –ø—Ä–æ–≥—Ä–∞–º–º–∞—Ö, —è —Å —É–¥–æ–≤–æ–ª—å—Å—Ç–≤–∏–µ–º –ø–æ–º–æ–≥—É –≤–∞–º! üòä",1663583306
"–Ø –ø—Ä–æ–≥—Ä–∞–º–º–∏—Å—Ç, –≤ –∫–∞–∫–æ–µ –ø—Ä–µ–¥–ø—Ä–∏—è—Ç–∏–µ –º–Ω–µ –∏–¥—Ç–∏","–ó–¥—Ä–∞–≤—Å—Ç–≤—É–π—Ç–µ! –†–∞–¥ –ø—Ä–∏–≤–µ—Ç—Å—Ç–≤–æ–≤–∞—Ç—å –≤–∞—Å –∏ –ø–æ–º–æ—á—å —Å –∏–Ω—Ñ–æ—Ä–º–∞—Ü–∏–µ–π –æ –ø–æ—Å—Ç—É–ø–ª–µ–Ω–∏–∏ –≤ –ú–ì–¢–£ –∏–º. –ù.–≠. –ë–∞—É–º–∞–Ω–∞, –æ–¥–Ω–æ–º –∏–∑ –ª—É—á—à–∏—Ö —Ç–µ—Ö–Ω–∏—á–µ—Å–∫–∏—Ö —É–Ω–∏–≤–µ—Ä—Å–∏—Ç–µ—Ç–æ–≤ –†–æ—Å—Å–∏–∏! üòä

–ö —Å–æ–∂–∞–ª–µ–Ω–∏—é, —è –Ω–µ –º–æ–≥—É –¥–∞—Ç—å —Ä–µ–∫–æ–º–µ–Ω–¥–∞—Ü–∏–∏ –ø–æ –ø–æ–≤–æ–¥—É –∫–æ–Ω–∫—Ä–µ—Ç–Ω—ã—Ö –ø—Ä–µ–¥–ø—Ä–∏—è—Ç–∏–π –¥–ª—è –ø—Ä–æ–≥—Ä–∞–º–º–∏—Å—Ç–æ–≤. –û–¥–Ω–∞–∫–æ, –µ—Å–ª–∏ –≤—ã —Ö–æ—Ç–∏—Ç–µ —É–∑–Ω–∞—Ç—å –æ –Ω–∞–ø—Ä–∞–≤–ª–µ–Ω–∏—è—Ö –æ–±—É—á–µ–Ω–∏—è, —Å–≤—è–∑–∞–Ω–Ω—ã—Ö —Å –ø—Ä–æ–≥—Ä–∞–º–º–∏—Ä–æ–≤–∞–Ω–∏–µ–º –∏ –∏–Ω—Ñ–æ—Ä–º–∞—Ü–∏–æ–Ω–Ω—ã–º–∏ —Ç–µ—Ö–Ω–æ–ª–æ–≥–∏—è–º–∏, –ø–æ–∂–∞–ª—É–π—Å—Ç–∞, –¥–∞–π—Ç–µ –∑–Ω–∞—Ç—å, –∏ —è —Ä–∞—Å—Å–∫–∞–∂—É –æ–± —ç—Ç–æ–º –ø–æ–¥—Ä–æ–±–Ω–µ–µ!",1663583306
üëã –ü–æ–∑–¥–æ—Ä–æ–≤–∞—Ç—å—Å—è,"–î–æ–±—Ä—ã–π –¥–µ–Ω—å! üòä –†–∞–¥ –ø—Ä–∏–≤–µ—Ç—Å—Ç–≤–æ–≤–∞—Ç—å –≤–∞—Å –≤ –ú–ì–¢–£ –∏–º. –ù.–≠. –ë–∞—É–º–∞–Ω–∞ ‚Äî –æ–¥–Ω–æ–º –∏–∑ —Å–∞–º—ã—Ö –ø—Ä–µ—Å—Ç–∏–∂–Ω—ã—Ö —Ç–µ—Ö–Ω–∏—á–µ—Å–∫–∏—Ö —É–Ω–∏–≤–µ—Ä—Å–∏—Ç–µ—Ç–æ–≤ –†–æ—Å—Å–∏–∏! –ï—Å–ª–∏ —É –≤–∞—Å –µ—Å—Ç—å –≤–æ–ø—Ä–æ—Å—ã –æ –ø–æ—Å—Ç—É–ø–ª–µ–Ω–∏–∏, —É—á–µ–±–Ω—ã—Ö –Ω–∞–ø—Ä–∞–≤–ª–µ–Ω–∏—è—Ö –∏–ª–∏ –Ω–µ–æ–±—Ö–æ–¥–∏–º—ã—Ö –¥–æ–∫—É–º–µ–Ω—Ç–∞—Ö, —è —Å —É–¥–æ–≤–æ–ª—å—Å—Ç–≤–∏–µ–º –ø–æ–º–æ–≥—É –≤–∞–º!",1250864203
–ö–∞–∫–∏–µ –Ω–∞–ø—Ä–∞–≤–ª–µ–Ω–∏—è –µ—Å—Ç—å –Ω–∞ —Ñ–∞–∫—É–ª—å—Ç–µ—Ç–µ –ò–£?,"–ù–∞ —Ñ–∞–∫—É–ª—å—Ç–µ—Ç–µ –∏–Ω—Ñ–æ—Ä–º–∞—Ü–∏–æ–Ω–Ω—ã—Ö —Ç–µ—Ö–Ω–æ–ª–æ–≥–∏–π –∏ —É–ø—Ä–∞–≤–ª–µ–Ω–∏—è (–ò–£) –≤ –ú–ì–¢–£ –∏–º. –ù.–≠. –ë–∞—É–º–∞–Ω–∞ –ø—Ä–µ–¥—Å—Ç–∞–≤–ª–µ–Ω–æ –Ω–∞–ø—Ä–∞–≤–ª–µ–Ω–∏–µ:

<b>–°–∏—Å—Ç–µ–º—ã —É–ø—Ä–∞–≤–ª–µ–Ω–∏—è —Ä–∞–∫–µ—Ç</b> (–∫–æ–¥: <u>24.05.06</u>, –ø—Ä–æ—Ñ–∏–ª—å: <u>02</u>)

–≠—Ç–æ –æ–±—Ä–∞–∑–æ–≤–∞—Ç–µ–ª—å–Ω–∞—è –ø—Ä–æ–≥—Ä–∞–º–º–∞ –æ—Ä–∏–µ–Ω—Ç–∏—Ä–æ–≤–∞–Ω–∞ –Ω–∞ –ø–æ–¥–≥–æ—Ç–æ–≤–∫—É –∏–Ω–∂–µ–Ω–µ—Ä–æ–≤ ‚Äî —Å–ø–µ—Ü–∏–∞–ª–∏—Å—Ç–æ–≤ –ø–æ –ø—Ä–æ–µ–∫—Ç–∏—Ä–æ–≤–∞–Ω–∏—é, —Ä–∞–∑—Ä–∞–±–æ—Ç–∫–µ –∏ —Ç–µ—Å—Ç–∏—Ä–æ–≤–∞–Ω–∏—é —Å–∏—Å—Ç–µ–º —É–ø—Ä–∞–≤–ª–µ–Ω–∏—è –ª–µ—Ç–∞—Ç–µ–ª—å–Ω—ã—Ö –∞–ø–ø–∞—Ä–∞—Ç–æ–≤ –≤ –∞—Ç–º–æ—Å—Ñ–µ—Ä–µ. –í –∫–∞—á–µ—Å—Ç–≤–µ –æ–±—ä–µ–∫—Ç–∞ —É–ø—Ä–∞–≤–ª–µ–Ω–∏—è —Å—Ç—É–¥–µ–Ω—Ç—ã –º–æ–≥—É—Ç —Ä–∞–±–æ—Ç–∞—Ç—å —Å —Ä–∞–∑–ª–∏—á–Ω—ã–º–∏ –≤–∏–¥–∞–º–∏ —Å–∞–º–æ–ª—ë—Ç–æ–≤, –≤–µ—Ä—Ç–æ–ª—ë—Ç–æ–≤, –∫—Ä—ã–ª–∞—Ç—ã—Ö —Ä–∞–∫–µ—Ç –∏ –±–µ—Å–ø–∏–ª–æ—Ç–Ω—ã—Ö –ª–µ—Ç–∞—Ç–µ–ª—å–Ω—ã—Ö –∞–ø–ø–∞—Ä–∞—Ç–æ–≤, –≤–∫–ª—é—á–∞—è –∫–≤–∞–¥—Ä–æ–∫–æ–ø—Ç–µ—Ä—ã.

<b>–ü—Ä–æ—Ö–æ–¥–Ω—ã–µ –±–∞–ª–ª—ã:</b>
- –ë—é–¥–∂–µ—Ç 2024: <u>259</u>
- –ë—é–¥–∂–µ—Ç 2023: <u>231</u>
- –ü–ª–∞—Ç–Ω–æ–µ –æ–±—É—á–µ–Ω–∏–µ 2024: <u>200</u>

–ï—Å–ª–∏ —É –≤–∞—Å –µ—Å—Ç—å –¥–æ–ø–æ–ª–Ω–∏—Ç–µ–ª—å–Ω—ã–µ –≤–æ–ø—Ä–æ—Å—ã –æ –ø–æ—Å—Ç—É–ø–ª–µ–Ω–∏–∏ –∏–ª–∏ –¥—Ä—É–≥–∏—Ö –Ω–∞–ø—Ä–∞–≤–ª–µ–Ω–∏—è—Ö, –ø–æ–∂–∞–ª—É–π—Å—Ç–∞, –¥–∞–π—Ç–µ –∑–Ω–∞—Ç—å! üòä",948996424
–ö–∞–∫–∏–µ –Ω–∞–ø—Ä–∞–≤–ª–µ–Ω–∏—è –µ—Å—Ç—å –Ω–∞ —Ñ–∞–∫—É–ª—å—Ç–µ—Ç–µ –ò–£?,"–ù–∞ —Ñ–∞–∫—É–ª—å—Ç–µ—Ç–µ –∏–Ω—Ñ–æ—Ä–º–∞—Ü–∏–æ–Ω–Ω—ã—Ö —Ç–µ—Ö–Ω–æ–ª–æ–≥–∏–π –∏ —É–ø—Ä–∞–≤–ª–µ–Ω–∏—è (–ò–£) –≤ –ú–ì–¢–£ –∏–º. –ù.–≠. –ë–∞—É–º–∞–Ω–∞ –ø—Ä–µ–¥—Å—Ç–∞–≤–ª–µ–Ω–æ —Å–ª–µ–¥—É—é—â–µ–µ –Ω–∞–ø—Ä–∞–≤–ª–µ–Ω–∏–µ:

<b>–ù–∞–ø—Ä–∞–≤–ª–µ–Ω–∏–µ:</b> –°–∏—Å—Ç–µ–º—ã —É–ø—Ä–∞–≤–ª–µ–Ω–∏—è —Ä–∞–∫–µ—Ç  
<b>–ö–æ–¥:</b> 24.05.06  
<b>–ü—Ä–æ—Ñ–∏–ª—å:</b> 02  
<b>–û–ø–∏—Å–∞–Ω–∏–µ:</b> –û–±—Ä–∞–∑–æ–≤–∞—Ç–µ–ª—å–Ω–∞—è –ø—Ä–æ–≥—Ä–∞–º–º–∞ –æ—Ä–∏–µ–Ω—Ç–∏—Ä–æ–≤–∞–Ω–∞ –Ω–∞ –ø–æ–¥–≥–æ—Ç–æ–≤–∫—É –∏–Ω–∂–µ–Ω–µ—Ä–æ–≤ ‚Äî —Å–ø–µ—Ü–∏–∞–ª–∏—Å—Ç–æ–≤ –ø–æ –ø—Ä–æ–µ–∫—Ç–∏—Ä–æ–≤–∞–Ω–∏—é, —Ä–∞–∑—Ä–∞–±–æ—Ç–∫–µ –∏ —Ç–µ—Å—Ç–∏—Ä–æ–≤–∞–Ω–∏—é —Å–∏—Å—Ç–µ–º —É–ø—Ä–∞–≤–ª–µ–Ω–∏—è –ª–µ—Ç–∞—Ç–µ–ª—å–Ω—ã—Ö –∞–ø–ø–∞—Ä–∞—Ç–æ–≤ –≤ –∞—Ç–º–æ—Å—Ñ–µ—Ä–µ. –í –∫–∞—á–µ—Å—Ç–≤–µ –æ–±—ä–µ–∫—Ç–∞ —É–ø—Ä–∞–≤–ª–µ–Ω–∏—è —Å—Ç—É–¥–µ–Ω—Ç—ã –º–æ–≥—É—Ç —Ä–∞–±–æ—Ç–∞—Ç—å —Å —Ä–∞–∑–ª–∏—á–Ω—ã–º–∏ –≤–∏–¥–∞–º–∏ —Å–∞–º–æ–ª—ë—Ç–æ–≤, –≤–µ—Ä—Ç–æ–ª—ë—Ç–æ–≤, –∫—Ä—ã–ª–∞—Ç—ã—Ö —Ä–∞–∫–µ—Ç, –±–µ—Å–ø–∏–ª–æ—Ç–Ω—ã—Ö –ª–µ—Ç–∞—Ç–µ–ª—å–Ω—ã—Ö –∞–ø–ø–∞—Ä–∞—Ç–æ–≤, –≤ —Ç–æ–º —á–∏—Å–ª–µ –∫–≤–∞–¥—Ä–æ–∫–æ–ø—Ç–µ—Ä–æ–≤.

<b>–ü—Ä–æ—Ö–æ–¥–Ω–æ–π –±–∞–ª–ª (–±—é–¥–∂–µ—Ç) 2024:</b> 259  
<b>–ü—Ä–æ—Ö–æ–¥–Ω–æ–π –±–∞–ª–ª (–±—é–¥–∂–µ—Ç) 2023:</b> 231  
<b>–ü—Ä–æ—Ö–æ–¥–Ω–æ–π –±–∞–ª–ª (–ø–ª–∞—Ç–Ω–æ–µ –æ–±—É—á–µ–Ω–∏–µ) 2024:</b> 200  

–ï—Å–ª–∏ —É –≤–∞—Å –µ—Å—Ç—å –¥–æ–ø–æ–ª–Ω–∏—Ç–µ–ª—å–Ω—ã–µ –≤–æ–ø—Ä–æ—Å—ã –æ –ø–æ—Å—Ç—É–ø–ª–µ–Ω–∏–∏ –∏–ª–∏ –¥—Ä—É–≥–∏—Ö –Ω–∞–ø—Ä–∞–≤–ª–µ–Ω–∏—è—Ö, –Ω–µ —Å—Ç–µ—Å–Ω—è–π—Ç–µ—Å—å —Å–ø—Ä–∞—à–∏–≤–∞—Ç—å! üòä",948996424
–ö–∞–∫–∏–µ –µ—Å—Ç—å –Ω–∞–ø—Ä–∞–≤–ª–µ–Ω–∏—è –Ω–∞ —Ñ–∞–∫—É–ª—å—Ç–µ—Ç–µ –ò–£,"–ù–∞ —Ñ–∞–∫—É–ª—å—Ç–µ—Ç–µ –∏–Ω—Ñ–æ—Ä–º–∞—Ü–∏–æ–Ω–Ω—ã—Ö —Ç–µ—Ö–Ω–æ–ª–æ–≥–∏–π –∏ —É–ø—Ä–∞–≤–ª–µ–Ω–∏—è (–ò–£) –ú–ì–¢–£ –∏–º. –ù.–≠. –ë–∞—É–º–∞–Ω–∞ –æ–¥–Ω–æ –∏–∑ –Ω–∞–ø—Ä–∞–≤–ª–µ–Ω–∏–π ‚Äî —ç—Ç–æ **–°–∏—Å—Ç–µ–º—ã —É–ø—Ä–∞–≤–ª–µ–Ω–∏—è —Ä–∞–∫–µ—Ç** (–∫–æ–¥ 24.05.06, –ø—Ä–æ—Ñ–∏–ª—å 02).

<b>–û–ø–∏—Å–∞–Ω–∏–µ –ø—Ä–æ–≥—Ä–∞–º–º—ã:</b> –û–±—Ä–∞–∑–æ–≤–∞—Ç–µ–ª—å–Ω–∞—è –ø—Ä–æ–≥—Ä–∞–º–º–∞ –æ—Ä–∏–µ–Ω—Ç–∏—Ä–æ–≤–∞–Ω–∞ –Ω–∞ –ø–æ–¥–≥–æ—Ç–æ–≤–∫—É –∏–Ω–∂–µ–Ω–µ—Ä–æ–≤ ‚Äî —Å–ø–µ—Ü–∏–∞–ª–∏—Å—Ç–æ–≤ –ø–æ –ø—Ä–æ–µ–∫—Ç–∏—Ä–æ–≤–∞–Ω–∏—é, —Ä–∞–∑—Ä–∞–±–æ—Ç–∫–µ –∏ —Ç–µ—Å—Ç–∏—Ä–æ–≤–∞–Ω–∏—é —Å–∏—Å—Ç–µ–º —É–ø—Ä–∞–≤–ª–µ–Ω–∏—è –ª–µ—Ç–∞—Ç–µ–ª—å–Ω—ã—Ö –∞–ø–ø–∞—Ä–∞—Ç–æ–≤ –≤ –∞—Ç–º–æ—Å—Ñ–µ—Ä–µ. –°—Ç—É–¥–µ–Ω—Ç—ã —Ä–∞–±–æ—Ç–∞—é—Ç —Å —Ä–∞–∑–ª–∏—á–Ω—ã–º–∏ –≤–∏–¥–∞–º–∏ —Å–∞–º–æ–ª—ë—Ç–æ–≤, –≤–µ—Ä—Ç–æ–ª—ë—Ç–æ–≤, –∫—Ä—ã–ª–∞—Ç—ã—Ö —Ä–∞–∫–µ—Ç –∏ –±–µ—Å–ø–∏–ª–æ—Ç–Ω—ã—Ö –ª–µ—Ç–∞—Ç–µ–ª—å–Ω—ã—Ö –∞–ø–ø–∞—Ä–∞—Ç–æ–≤, –≤–∫–ª—é—á–∞—è –∫–≤–∞–¥—Ä–æ–∫–æ–ø—Ç–µ—Ä—ã.

<b>–ü—Ä–æ—Ö–æ–¥–Ω—ã–µ –±–∞–ª–ª—ã:</b>
- –î–ª—è –±—é–¥–∂–µ—Ç–Ω–æ–≥–æ –æ–±—É—á–µ–Ω–∏—è –≤ 2024 –≥–æ–¥—É ‚Äî <u>259</u>, –≤ 2023 –≥–æ–¥—É ‚Äî <u>231</u>.
- –î–ª—è –ø–ª–∞—Ç–Ω–æ–≥–æ –æ–±—É—á–µ–Ω–∏—è –≤ 2024 –≥–æ–¥—É ‚Äî <u>200</u>, –≤ 2023 –≥–æ–¥—É ‚Äî <u>0</u>.

–ï—Å–ª–∏ —É –≤–∞—Å –µ—Å—Ç—å –¥–æ–ø–æ–ª–Ω–∏—Ç–µ–ª—å–Ω—ã–µ –≤–æ–ø—Ä–æ—Å—ã –æ –¥—Ä—É–≥–∏—Ö –Ω–∞–ø—Ä–∞–≤–ª–µ–Ω–∏—è—Ö –∏–ª–∏ –ø—Ä–æ—Ü–µ—Å—Å–∞—Ö –ø–æ—Å—Ç—É–ø–ª–µ–Ω–∏—è, –Ω–µ —Å—Ç–µ—Å–Ω—è–π—Ç–µ—Å—å —Å–ø—Ä–∞—à–∏–≤–∞—Ç—å! üòä",948996424
–∫–∞–∫–æ–π –ø—Ä–æ—Ö–æ–¥–Ω–æ–π –±–∞–ª–ª –Ω–∞ –±—é–¥–∂–µ—Ç –≤ 2023 –≥–æ–¥—É –Ω–∞ –Ω–∞–ø—Ä–∞–≤–ª–µ–Ω–∏–µ –£–ø—Ä–∞–≤–ª–µ–Ω–∏–µ –≤ —Ç–µ—Ö–Ω–∏—á–µ—Å–∫–∏—Ö —Å–∏—Å—Ç–µ–º–∞—Ö,"–ù–∞ –Ω–∞–ø—Ä–∞–≤–ª–µ–Ω–∏–µ <b>–£–ø—Ä–∞–≤–ª–µ–Ω–∏–µ –≤ —Ç–µ—Ö–Ω–∏—á–µ—Å–∫–∏—Ö —Å–∏—Å—Ç–µ–º–∞—Ö</b> –≤ 2023 –≥–æ–¥—É –ø—Ä–æ—Ö–æ–¥–Ω–æ–π –±–∞–ª–ª –¥–ª—è –±—é–¥–∂–µ—Ç–Ω—ã—Ö –º–µ—Å—Ç —Å–æ—Å—Ç–∞–≤–∏–ª <b>220</b> –±–∞–ª–ª–æ–≤. 

–ï—Å–ª–∏ —É –≤–∞—Å –µ—Å—Ç—å –¥–æ–ø–æ–ª–Ω–∏—Ç–µ–ª—å–Ω—ã–µ –≤–æ–ø—Ä–æ—Å—ã –∏–ª–∏ –Ω—É–∂–Ω–∞ –ø–æ–º–æ—â—å —Å –ø–æ—Å—Ç—É–ø–ª–µ–Ω–∏–µ–º, –Ω–µ —Å—Ç–µ—Å–Ω—è–π—Ç–µ—Å—å –æ–±—Ä–∞—â–∞—Ç—å—Å—è! üòä",948996424
–ö–∞–∫–∏–µ –Ω–∞–ø—Ä–∞–≤–ª–µ–Ω–∏—è –µ—Å—Ç—å –Ω–∞ —Ñ–∞–∫—É–ª—å—Ç–µ—Ç–µ –ò–£,"–î–æ–±—Ä—ã–π –¥–µ–Ω—å! üòä –ù–∞ —Ñ–∞–∫—É–ª—å—Ç–µ—Ç–µ –∏–Ω—Ñ–æ—Ä–º–∞—Ü–∏–æ–Ω–Ω—ã—Ö —Ç–µ—Ö–Ω–æ–ª–æ–≥–∏–π –∏ —É–ø—Ä–∞–≤–ª–µ–Ω–∏—è (–ò–£–î) –ú–ì–¢–£ –∏–º. –ù.–≠. –ë–∞—É–º–∞–Ω–∞ –ø—Ä–µ–¥–ª–∞–≥–∞—é—Ç—Å—è —Ä–∞–∑–ª–∏—á–Ω—ã–µ –Ω–∞–ø—Ä–∞–≤–ª–µ–Ω–∏—è –æ–±—É—á–µ–Ω–∏—è. –ß—Ç–æ–±—ã –ø—Ä–µ–¥–æ—Å—Ç–∞–≤–∏—Ç—å –≤–∞–º –Ω–∞–∏–±–æ–ª–µ–µ —Ç–æ—á–Ω—É—é –∏–Ω—Ñ–æ—Ä–º–∞—Ü–∏—é, —É—Ç–æ—á–Ω–∏—Ç–µ, –ø–æ–∂–∞–ª—É–π—Å—Ç–∞, –∫–∞–∫–∏–µ –∏–º–µ–Ω–Ω–æ –Ω–∞–ø—Ä–∞–≤–ª–µ–Ω–∏—è –≤–∞—Å –∏–Ω—Ç–µ—Ä–µ—Å—É—é—Ç? –ù–∞–ø—Ä–∏–º–µ—Ä, —ç—Ç–æ –º–æ–≥—É—Ç –±—ã—Ç—å –±–∞–∫–∞–ª–∞–≤—Ä–∏–∞—Ç, –º–∞–≥–∏—Å—Ç—Ä–∞—Ç—É—Ä–∞ –∏–ª–∏ –∞—Å–ø–∏—Ä–∞–Ω—Ç—É—Ä–∞. 

–ï—Å–ª–∏ —É –≤–∞—Å –µ—Å—Ç—å –¥—Ä—É–≥–∏–µ –≤–æ–ø—Ä–æ—Å—ã –æ –ø–æ—Å—Ç—É–ø–ª–µ–Ω–∏–∏ –∏–ª–∏ –æ–±—É—á–µ–Ω–∏–∏, —è —Å —Ä–∞–¥–æ—Å—Ç—å—é –Ω–∞ –Ω–∏—Ö –æ—Ç–≤–µ—á—É!",948996424
–ö–∞–∫–∏–µ –Ω–∞–ø—Ä–∞–≤–ª–µ–Ω–∏—è –µ—Å—Ç—å –Ω–∞ —Ñ–∞–∫—É–ª—å—Ç–µ—Ç–µ –ò–£,"–î–æ–±—Ä–æ –ø–æ–∂–∞–ª–æ–≤–∞—Ç—å –≤ –ú–ì–¢–£ –∏–º. –ù.–≠. –ë–∞—É–º–∞–Ω–∞! üòä

–ù–∞ —Ñ–∞–∫—É–ª—å—Ç–µ—Ç–µ –ò–Ω—Ñ–æ—Ä–º–∞—Ü–∏–æ–Ω–Ω—ã—Ö –∏ –£–ø—Ä–∞–≤–ª—è—é—â–∏—Ö –°–∏—Å—Ç–µ–º (–ò–£–î) –ø—Ä–µ–¥–ª–∞–≥–∞—é—Ç—Å—è —Ä–∞–∑–ª–∏—á–Ω—ã–µ –Ω–∞–ø—Ä–∞–≤–ª–µ–Ω–∏—è –ø–æ–¥–≥–æ—Ç–æ–≤–∫–∏, –≤–∫–ª—é—á–∞—è, –Ω–æ –Ω–µ –æ–≥—Ä–∞–Ω–∏—á–∏–≤–∞—è—Å—å:

1. **–ò–Ω—Ñ–æ—Ä–º–∞—Ü–∏–æ–Ω–Ω—ã–µ —Å–∏—Å—Ç–µ–º—ã –∏ —Ç–µ—Ö–Ω–æ–ª–æ–≥–∏–∏**
2. **–ü—Ä–∏–∫–ª–∞–¥–Ω–∞—è –∏–Ω—Ñ–æ—Ä–º–∞—Ç–∏–∫–∞**
3. **–£–ø—Ä–∞–≤–ª–µ–Ω–∏–µ –≤ —Ç–µ—Ö–Ω–∏—á–µ—Å–∫–∏—Ö —Å–∏—Å—Ç–µ–º–∞—Ö**

–ï—Å–ª–∏ –≤–∞—Å –∏–Ω—Ç–µ—Ä–µ—Å—É–µ—Ç –∫–æ–Ω–∫—Ä–µ—Ç–Ω–æ–µ –Ω–∞–ø—Ä–∞–≤–ª–µ–Ω–∏–µ –∏–ª–∏ –ø–æ–¥—Ä–æ–±–Ω–æ—Å—Ç–∏ –æ –≤—Å—Ç—É–ø–∏—Ç–µ–ª—å–Ω—ã—Ö –∏—Å–ø—ã—Ç–∞–Ω–∏—è—Ö –∏ —Ç—Ä–µ–±–æ–≤–∞–Ω–∏—è—Ö, –ø–æ–∂–∞–ª—É–π—Å—Ç–∞, —É—Ç–æ—á–Ω–∏—Ç–µ –≤–∞—à –≤–æ–ø—Ä–æ—Å! –Ø —Å —Ä–∞–¥–æ—Å—Ç—å—é –ø–æ–º–æ–≥—É –≤–∞–º!",948996424
–ö–∞–∫–∏–µ –Ω–∞–ø—Ä–∞–≤–ª–µ–Ω–∏—è –µ—Å—Ç—å –Ω–∞ —Ñ–∞–∫—É–ª—å—Ç–µ—Ç–µ –ò–£,"–ù–∞ —Ñ–∞–∫—É–ª—å—Ç–µ—Ç–µ –∏–Ω—Ñ–æ—Ä–º–∞—Ü–∏–æ–Ω–Ω—ã—Ö —Ç–µ—Ö–Ω–æ–ª–æ–≥–∏–π –∏ —É–ø—Ä–∞–≤–ª–µ–Ω–∏—è (–ò–£) –≤ –ú–ì–¢–£ –∏–º. –ù.–≠. –ë–∞—É–º–∞–Ω–∞ –ø—Ä–µ–¥—Å—Ç–∞–≤–ª–µ–Ω–æ –Ω–∞–ø—Ä–∞–≤–ª–µ–Ω–∏–µ –ø–æ–¥–≥–æ—Ç–æ–≤–∫–∏:

<b>–°–∏—Å—Ç–µ–º—ã —É–ø—Ä–∞–≤–ª–µ–Ω–∏—è —Ä–∞–∫–µ—Ç</b> (–∫–æ–¥ 24.05.06, –ø—Ä–æ—Ñ–∏–ª—å 02).

–û–±—Ä–∞–∑–æ–≤–∞—Ç–µ–ª—å–Ω–∞—è –ø—Ä–æ–≥—Ä–∞–º–º–∞ –æ—Ä–∏–µ–Ω—Ç–∏—Ä–æ–≤–∞–Ω–∞ –Ω–∞ –ø–æ–¥–≥–æ—Ç–æ–≤–∫—É –∏–Ω–∂–µ–Ω–µ—Ä–æ–≤ ‚Äî —Å–ø–µ—Ü–∏–∞–ª–∏—Å—Ç–æ–≤ –ø–æ –ø—Ä–æ–µ–∫—Ç–∏—Ä–æ–≤–∞–Ω–∏—é, —Ä–∞–∑—Ä–∞–±–æ—Ç–∫–µ –∏ —Ç–µ—Å—Ç–∏—Ä–æ–≤–∞–Ω–∏—é —Å–∏—Å—Ç–µ–º —É–ø—Ä–∞–≤–ª–µ–Ω–∏—è –ª–µ—Ç–∞—Ç–µ–ª—å–Ω—ã—Ö –∞–ø–ø–∞—Ä–∞—Ç–æ–≤ –≤ –∞—Ç–º–æ—Å—Ñ–µ—Ä–µ. –°—Ç—É–¥–µ–Ω—Ç—ã –º–æ–≥—É—Ç —Ä–∞–±–æ—Ç–∞—Ç—å —Å —Ä–∞–∑–ª–∏—á–Ω—ã–º–∏ –≤–∏–¥–∞–º–∏ —Å–∞–º–æ–ª—ë—Ç–æ–≤, –≤–µ—Ä—Ç–æ–ª—ë—Ç–æ–≤, –∫—Ä—ã–ª–∞—Ç—ã—Ö —Ä–∞–∫–µ—Ç –∏ –±–µ—Å–ø–∏–ª–æ—Ç–Ω—ã—Ö –ª–µ—Ç–∞—Ç–µ–ª—å–Ω—ã—Ö –∞–ø–ø–∞—Ä–∞—Ç–æ–≤, –≤–∫–ª—é—á–∞—è –∫–≤–∞–¥—Ä–æ–∫–æ–ø—Ç–µ—Ä—ã.

–ü—Ä–æ—Ö–æ–¥–Ω—ã–µ –±–∞–ª–ª—ã –¥–ª—è –ø–æ—Å—Ç—É–ø–ª–µ–Ω–∏—è –≤ 2024 –≥–æ–¥—É:
- <u>–ë—é–¥–∂–µ—Ç–Ω–æ–µ –æ–±—É—á–µ–Ω–∏–µ:</u> 259
- <u>–ü–ª–∞—Ç–Ω–æ–µ –æ–±—É—á–µ–Ω–∏–µ:</u> 200

–ï—Å–ª–∏ —É –≤–∞—Å –µ—Å—Ç—å –¥–æ–ø–æ–ª–Ω–∏—Ç–µ–ª—å–Ω—ã–µ –≤–æ–ø—Ä–æ—Å—ã –æ –ø–æ—Å—Ç—É–ø–ª–µ–Ω–∏–∏ –∏–ª–∏ –¥—Ä—É–≥–∏—Ö –Ω–∞–ø—Ä–∞–≤–ª–µ–Ω–∏—è—Ö, –Ω–µ —Å—Ç–µ—Å–Ω—è–π—Ç–µ—Å—å —Å–ø—Ä–∞—à–∏–≤–∞—Ç—å! üòä",948996424
–ö–∞–∫–∏–µ –Ω–∞–ø—Ä–∞–≤–ª–µ–Ω–∏—è –µ—Å—Ç—å –Ω–∞ —Ñ–∞–∫—É–ª—å—Ç–µ—Ç–µ –ò–£,"–ù–∞ —Ñ–∞–∫—É–ª—å—Ç–µ—Ç–µ –∏–Ω—Ñ–æ—Ä–º–∞—Ü–∏–æ–Ω–Ω—ã—Ö —Ç–µ—Ö–Ω–æ–ª–æ–≥–∏–π –∏ —É–ø—Ä–∞–≤–ª–µ–Ω–∏—è (–ò–£) –ú–ì–¢–£ –∏–º. –ù.–≠. –ë–∞—É–º–∞–Ω–∞ –ø—Ä–µ–¥—Å—Ç–∞–≤–ª–µ–Ω–æ –Ω–∞–ø—Ä–∞–≤–ª–µ–Ω–∏–µ –ø–æ–¥–≥–æ—Ç–æ–≤–∫–∏ ""–°–∏—Å—Ç–µ–º—ã —É–ø—Ä–∞–≤–ª–µ–Ω–∏—è —Ä–∞–∫–µ—Ç"" —Å –∫–æ–¥–æ–º 24.05.06, –ø—Ä–æ—Ñ–∏–ª—å 02.

<b>–û–ø–∏—Å–∞–Ω–∏–µ –ø—Ä–æ–≥—Ä–∞–º–º—ã:</b> –û–±—Ä–∞–∑–æ–≤–∞—Ç–µ–ª—å–Ω–∞—è –ø—Ä–æ–≥—Ä–∞–º–º–∞ –æ—Ä–∏–µ–Ω—Ç–∏—Ä–æ–≤–∞–Ω–∞ –Ω–∞ –ø–æ–¥–≥–æ—Ç–æ–≤–∫—É –∏–Ω–∂–µ–Ω–µ—Ä–æ–≤ ‚Äî —Å–ø–µ—Ü–∏–∞–ª–∏—Å—Ç–æ–≤ –ø–æ –ø—Ä–æ–µ–∫—Ç–∏—Ä–æ–≤–∞–Ω–∏—é, —Ä–∞–∑—Ä–∞–±–æ—Ç–∫–µ –∏ —Ç–µ—Å—Ç–∏—Ä–æ–≤–∞–Ω–∏—é —Å–∏—Å—Ç–µ–º —É–ø—Ä–∞–≤–ª–µ–Ω–∏—è –ª–µ—Ç–∞—Ç–µ–ª—å–Ω—ã—Ö –∞–ø–ø–∞—Ä–∞—Ç–æ–≤ –≤ –∞—Ç–º–æ—Å—Ñ–µ—Ä–µ. –í –∫–∞—á–µ—Å—Ç–≤–µ –æ–±—ä–µ–∫—Ç–∞ —É–ø—Ä–∞–≤–ª–µ–Ω–∏—è —Å—Ç—É–¥–µ–Ω—Ç—ã –º–æ–≥—É—Ç —Ä–∞–±–æ—Ç–∞—Ç—å —Å —Ä–∞–∑–ª–∏—á–Ω—ã–º–∏ –≤–∏–¥–∞–º–∏ —Å–∞–º–æ–ª—ë—Ç–æ–≤, –≤–µ—Ä—Ç–æ–ª—ë—Ç–æ–≤, –∫—Ä—ã–ª–∞—Ç—ã—Ö —Ä–∞–∫–µ—Ç –∏ –±–µ—Å–ø–∏–ª–æ—Ç–Ω—ã—Ö –ª–µ—Ç–∞—Ç–µ–ª—å–Ω—ã—Ö –∞–ø–ø–∞—Ä–∞—Ç–æ–≤, –≤–∫–ª—é—á–∞—è –∫–≤–∞–¥—Ä–æ–∫–æ–ø—Ç–µ—Ä—ã.

<b>–ü—Ä–æ—Ö–æ–¥–Ω—ã–µ –±–∞–ª–ª—ã:</b>
- –î–ª—è –±—é–¥–∂–µ—Ç–∞ –Ω–∞ 2024 –≥–æ–¥: 259 –±–∞–ª–ª–æ–≤
- –î–ª—è –±—é–¥–∂–µ—Ç–∞ –Ω–∞ 2023 –≥–æ–¥: 231 –±–∞–ª–ª
- –î–ª—è –ø–ª–∞—Ç–Ω–æ–≥–æ –æ–±—É—á–µ–Ω–∏—è –Ω–∞ 2024 –≥–æ–¥: 200 –±–∞–ª–ª–æ–≤

–ï—Å–ª–∏ –≤–∞—Å –∏–Ω—Ç–µ—Ä–µ—Å—É–µ—Ç –±–æ–ª—å—à–µ –∏–Ω—Ñ–æ—Ä–º–∞—Ü–∏–∏ –æ –¥—Ä—É–≥–∏—Ö –Ω–∞–ø—Ä–∞–≤–ª–µ–Ω–∏—è—Ö –∏–ª–∏ —É—Å–ª–æ–≤–∏—è—Ö –ø–æ—Å—Ç—É–ø–ª–µ–Ω–∏—è, –ø–æ–∂–∞–ª—É–π—Å—Ç–∞, –¥–∞–π—Ç–µ –∑–Ω–∞—Ç—å! üòä",948996424
–ö–∞–∫–∏–µ –Ω–∞–ø—Ä–∞–≤–ª–µ–Ω–∏—è –µ—Å—Ç—å –Ω–∞ —Ñ–∞–∫—É–ª—å—Ç–µ—Ç–µ –ò–£,"–ù–∞ —Ñ–∞–∫—É–ª—å—Ç–µ—Ç–µ –∏–Ω—Ñ–æ—Ä–º–∞—Ü–∏–æ–Ω–Ω—ã—Ö –∏ —É–ø—Ä–∞–≤–ª—è—é—â–∏—Ö —Å–∏—Å—Ç–µ–º (–ò–£) –ú–ì–¢–£ –∏–º. –ù.–≠. –ë–∞—É–º–∞–Ω–∞ –ø—Ä–µ–¥–ª–∞–≥–∞–µ—Ç—Å—è —Å–ª–µ–¥—É—é—â–µ–µ –Ω–∞–ø—Ä–∞–≤–ª–µ–Ω–∏–µ:

<b>–ù–∞–ø—Ä–∞–≤–ª–µ–Ω–∏–µ:</b> –°–∏—Å—Ç–µ–º—ã —É–ø—Ä–∞–≤–ª–µ–Ω–∏—è —Ä–∞–∫–µ—Ç  
<b>–ö–æ–¥:</b> 24.05.06  
<b>–ü—Ä–æ—Ñ–∏–ª—å:</b> 02  
<b>–û–ø–∏—Å–∞–Ω–∏–µ:</b> –û–±—Ä–∞–∑–æ–≤–∞—Ç–µ–ª—å–Ω–∞—è –ø—Ä–æ–≥—Ä–∞–º–º–∞ –æ—Ä–∏–µ–Ω—Ç–∏—Ä–æ–≤–∞–Ω–∞ –Ω–∞ –ø–æ–¥–≥–æ—Ç–æ–≤–∫—É –∏–Ω–∂–µ–Ω–µ—Ä–æ–≤ ‚Äî —Å–ø–µ—Ü–∏–∞–ª–∏—Å—Ç–æ–≤ –ø–æ –ø—Ä–æ–µ–∫—Ç–∏—Ä–æ–≤–∞–Ω–∏—é, —Ä–∞–∑—Ä–∞–±–æ—Ç–∫–µ –∏ —Ç–µ—Å—Ç–∏—Ä–æ–≤–∞–Ω–∏—é —Å–∏—Å—Ç–µ–º —É–ø—Ä–∞–≤–ª–µ–Ω–∏—è –ª–µ—Ç–∞—Ç–µ–ª—å–Ω—ã—Ö –∞–ø–ø–∞—Ä–∞—Ç–æ–≤ –≤ –∞—Ç–º–æ—Å—Ñ–µ—Ä–µ. –°—Ç—É–¥–µ–Ω—Ç—ã –º–æ–≥—É—Ç —Ä–∞–±–æ—Ç–∞—Ç—å —Å —Ä–∞–∑–ª–∏—á–Ω—ã–º–∏ –≤–∏–¥–∞–º–∏ —Å–∞–º–æ–ª—ë—Ç–æ–≤, –≤–µ—Ä—Ç–æ–ª—ë—Ç–æ–≤, –∫—Ä—ã–ª–∞—Ç—ã—Ö —Ä–∞–∫–µ—Ç –∏ –±–µ—Å–ø–∏–ª–æ—Ç–Ω—ã—Ö –ª–µ—Ç–∞—Ç–µ–ª—å–Ω—ã—Ö –∞–ø–ø–∞—Ä–∞—Ç–æ–≤, –≤–∫–ª—é—á–∞—è –∫–≤–∞–¥—Ä–æ–∫–æ–ø—Ç–µ—Ä—ã.

<b>–ü—Ä–æ—Ö–æ–¥–Ω–æ–π –±–∞–ª–ª –Ω–∞ –±—é–¥–∂–µ—Ç–Ω–æ–µ –æ–±—É—á–µ–Ω–∏–µ:</b> 259 (2024 –≥–æ–¥), 231 (2023 –≥–æ–¥)  
<b>–ü—Ä–æ—Ö–æ–¥–Ω–æ–π –±–∞–ª–ª –Ω–∞ –ø–ª–∞—Ç–Ω–æ–µ –æ–±—É—á–µ–Ω–∏–µ:</b> 200 (2024 –≥–æ–¥), 0 (2023 –≥–æ–¥)

–ï—Å–ª–∏ —É –≤–∞—Å –µ—Å—Ç—å –¥–æ–ø–æ–ª–Ω–∏—Ç–µ–ª—å–Ω—ã–µ –≤–æ–ø—Ä–æ—Å—ã –æ –ø–æ—Å—Ç—É–ø–ª–µ–Ω–∏–∏ –∏–ª–∏ –¥—Ä—É–≥–∏—Ö –Ω–∞–ø—Ä–∞–≤–ª–µ–Ω–∏—è—Ö –æ–±—É—á–µ–Ω–∏—è, –Ω–µ —Å—Ç–µ—Å–Ω—è–π—Ç–µ—Å—å —Å–ø—Ä–∞—à–∏–≤–∞—Ç—å! üòä",948996424
–ö–∞–∫–∏–µ –Ω–∞–ø—Ä–∞–≤–ª–µ–Ω–∏—è –µ—Å—Ç—å –Ω–∞ —Ñ–∞–∫—É–ª—å—Ç–µ—Ç–µ –ò–£,"–ù–∞ —Ñ–∞–∫—É–ª—å—Ç–µ—Ç–µ –∏–Ω—Ñ–æ—Ä–º–∞—Ü–∏–æ–Ω–Ω—ã—Ö —Ç–µ—Ö–Ω–æ–ª–æ–≥–∏–π –∏ —É–ø—Ä–∞–≤–ª–µ–Ω–∏—è (–ò–£) –ú–ì–¢–£ –∏–º. –ù.–≠. –ë–∞—É–º–∞–Ω–∞ –ø—Ä–µ–¥—Å—Ç–∞–≤–ª–µ–Ω–æ –Ω–∞–ø—Ä–∞–≤–ª–µ–Ω–∏–µ –ø–æ–¥–≥–æ—Ç–æ–≤–∫–∏ –ø–æ —Å–ø–µ—Ü–∏–∞–ª—å–Ω–æ—Å—Ç–∏ **""–°–∏—Å—Ç–µ–º—ã —É–ø—Ä–∞–≤–ª–µ–Ω–∏—è —Ä–∞–∫–µ—Ç""** (–∫–æ–¥ 24.05.06, –ø—Ä–æ—Ñ–∏–ª—å 02).

–≠—Ç–æ –æ–±—Ä–∞–∑–æ–≤–∞—Ç–µ–ª—å–Ω–∞—è –ø—Ä–æ–≥—Ä–∞–º–º–∞ –æ—Ä–∏–µ–Ω—Ç–∏—Ä–æ–≤–∞–Ω–∞ –Ω–∞ –ø–æ–¥–≥–æ—Ç–æ–≤–∫—É –∏–Ω–∂–µ–Ω–µ—Ä–æ–≤ ‚Äî —Å–ø–µ—Ü–∏–∞–ª–∏—Å—Ç–æ–≤ –ø–æ –ø—Ä–æ–µ–∫—Ç–∏—Ä–æ–≤–∞–Ω–∏—é, —Ä–∞–∑—Ä–∞–±–æ—Ç–∫–µ –∏ —Ç–µ—Å—Ç–∏—Ä–æ–≤–∞–Ω–∏—é —Å–∏—Å—Ç–µ–º —É–ø—Ä–∞–≤–ª–µ–Ω–∏—è –ª–µ—Ç–∞—Ç–µ–ª—å–Ω—ã—Ö –∞–ø–ø–∞—Ä–∞—Ç–æ–≤ –≤ –∞—Ç–º–æ—Å—Ñ–µ—Ä–µ. –í –∫–∞—á–µ—Å—Ç–≤–µ –æ–±—ä–µ–∫—Ç–∞ —É–ø—Ä–∞–≤–ª–µ–Ω–∏—è —Å—Ç—É–¥–µ–Ω—Ç—ã –º–æ–≥—É—Ç —Ä–∞–±–æ—Ç–∞—Ç—å —Å —Ä–∞–∑–ª–∏—á–Ω—ã–º–∏ –≤–∏–¥–∞–º–∏ —Å–∞–º–æ–ª—ë—Ç–æ–≤, –≤–µ—Ä—Ç–æ–ª—ë—Ç–æ–≤, –∫—Ä—ã–ª–∞—Ç—ã—Ö —Ä–∞–∫–µ—Ç –∏ –±–µ—Å–ø–∏–ª–æ—Ç–Ω—ã—Ö –ª–µ—Ç–∞—Ç–µ–ª—å–Ω—ã—Ö –∞–ø–ø–∞—Ä–∞—Ç–æ–≤, –≤–∫–ª—é—á–∞—è –∫–≤–∞–¥—Ä–æ–∫–æ–ø—Ç–µ—Ä—ã.

–ß—Ç–æ –∫–∞—Å–∞–µ—Ç—Å—è –ø—Ä–æ—Ö–æ–¥–Ω—ã—Ö –±–∞–ª–ª–æ–≤:
- –ù–∞ **–±—é–¥–∂–µ—Ç–Ω–æ–µ** –º–µ—Å—Ç–æ –≤ 2024 –≥–æ–¥—É –ø—Ä–æ—Ö–æ–¥–Ω–æ–π –±–∞–ª–ª —Å–æ—Å—Ç–∞–≤–∏–ª **259**, –∞ –≤ 2023 –≥–æ–¥—É ‚Äî **231**.
- –î–ª—è **–ø–ª–∞—Ç–Ω–æ–≥–æ** –æ–±—É—á–µ–Ω–∏—è –≤ 2024 –≥–æ–¥—É –ø—Ä–æ—Ö–æ–¥–Ω–æ–π –±–∞–ª–ª —Å–æ—Å—Ç–∞–≤–ª—è–µ—Ç **200**.

–ï—Å–ª–∏ —É –≤–∞—Å –µ—Å—Ç—å –¥–æ–ø–æ–ª–Ω–∏—Ç–µ–ª—å–Ω—ã–µ –≤–æ–ø—Ä–æ—Å—ã –∏–ª–∏ –Ω—É–∂–Ω–∞ –ø–æ–º–æ—â—å —Å –ø–æ—Å—Ç—É–ø–ª–µ–Ω–∏–µ–º, –ø–æ–∂–∞–ª—É–π—Å—Ç–∞, –¥–∞–π—Ç–µ –∑–Ω–∞—Ç—å! üòä",948996424
–ö–∞–∫–∏–µ –Ω–∞–ø—Ä–∞–≤–ª–µ–Ω–∏—è –µ—Å—Ç—å –Ω–∞ —Ñ–∞–∫—É–ª—å—Ç–µ—Ç–µ –ò–£,"–ù–∞ —Ñ–∞–∫—É–ª—å—Ç–µ—Ç–µ –∏–Ω—Ñ–æ—Ä–º–∞—Ü–∏–æ–Ω–Ω—ã—Ö —Ç–µ—Ö–Ω–æ–ª–æ–≥–∏–π –∏ —É–ø—Ä–∞–≤–ª–µ–Ω–∏—è (–ò–£) –ú–ì–¢–£ –∏–º. –ù.–≠. –ë–∞—É–º–∞–Ω–∞ –ø—Ä–µ–¥—Å—Ç–∞–≤–ª–µ–Ω—ã —Å–ª–µ–¥—É—é—â–∏–µ –Ω–∞–ø—Ä–∞–≤–ª–µ–Ω–∏—è –ø–æ–¥–≥–æ—Ç–æ–≤–∫–∏:

1. **–°–∏—Å—Ç–µ–º—ã –∞–≤—Ç–æ–º–∞—Ç–∏—á–µ—Å–∫–æ–≥–æ —É–ø—Ä–∞–≤–ª–µ–Ω–∏—è**
2. **–ü—Ä–∏–±–æ—Ä—ã –∏ —Å–∏—Å—Ç–µ–º—ã –æ—Ä–∏–µ–Ω—Ç–∞—Ü–∏–∏, —Å—Ç–∞–±–∏–ª–∏–∑–∞—Ü–∏–∏ –∏ –Ω–∞–≤–∏–≥–∞—Ü–∏–∏**
3. **–ò–Ω—Ñ–æ—Ä–º–∞—Ü–∏–æ–Ω–Ω—ã–µ —Å–∏—Å—Ç–µ–º—ã –∏ —Ç–µ–ª–µ–∫–æ–º–º—É–Ω–∏–∫–∞—Ü–∏–∏**
4. **–ü—Ä–æ–µ–∫—Ç–∏—Ä–æ–≤–∞–Ω–∏–µ –∏ —Ç–µ—Ö–Ω–æ–ª–æ–≥–∏—è –ø—Ä–æ–∏–∑–≤–æ–¥—Å—Ç–≤–∞ —ç–ª–µ–∫—Ç—Ä–æ–Ω–Ω–æ–π –∞–ø–ø–∞—Ä–∞—Ç—É—Ä—ã**
5. **–°–∏—Å—Ç–µ–º—ã –æ–±—Ä–∞–±–æ—Ç–∫–∏ –∏–Ω—Ñ–æ—Ä–º–∞—Ü–∏–∏ –∏ —É–ø—Ä–∞–≤–ª–µ–Ω–∏—è**
6. **–ö–æ–º–ø—å—é—Ç–µ—Ä–Ω—ã–µ —Å–∏—Å—Ç–µ–º—ã –∏ —Å–µ—Ç–∏**
7. **–ü—Ä–æ–≥—Ä–∞–º–º–Ω–æ–µ –æ–±–µ—Å–ø–µ—á–µ–Ω–∏–µ –≠–í–ú –∏ –∏–Ω—Ñ–æ—Ä–º–∞—Ü–∏–æ–Ω–Ω—ã–µ —Ç–µ—Ö–Ω–æ–ª–æ–≥–∏–∏**
8. **–ò–Ω—Ñ–æ—Ä–º–∞—Ü–∏–æ–Ω–Ω–∞—è –±–µ–∑–æ–ø–∞—Å–Ω–æ—Å—Ç—å**
9. **–¢–µ–æ—Ä–µ—Ç–∏—á–µ—Å–∫–∞—è –∏–Ω—Ñ–æ—Ä–º–∞—Ç–∏–∫–∞ –∏ –∫–æ–º–ø—å—é—Ç–µ—Ä–Ω—ã–µ —Ç–µ—Ö–Ω–æ–ª–æ–≥–∏–∏**
10. **–ó–∞—â–∏—Ç–∞ –∏–Ω—Ñ–æ—Ä–º–∞—Ü–∏–∏**
11. **–ë–∏–æ—Ç–µ—Ö–Ω–∏—á–µ—Å–∫–∏–µ —Å–∏—Å—Ç–µ–º—ã –∏ —Ç–µ—Ö–Ω–æ–ª–æ–≥–∏–∏**
12. **–ò—Å–∫—É—Å—Å—Ç–≤–µ–Ω–Ω—ã–π –∏–Ω—Ç–µ–ª–ª–µ–∫—Ç –≤ –∫–∏–±–µ—Ä—Ñ–∏–∑–∏—á–µ—Å–∫–∏—Ö —Å–∏—Å—Ç–µ–º–∞—Ö**

–¢–∞–∫–∂–µ –µ—Å—Ç—å –Ω–∞–ø—Ä–∞–≤–ª–µ–Ω–∏—è, —Å–≤—è–∑–∞–Ω–Ω—ã–µ —Å —Ä–∞–¥–∏–æ—ç–ª–µ–∫—Ç—Ä–æ–Ω–Ω—ã–º–∏ —Å–∏—Å—Ç–µ–º–∞–º–∏:

1. **–†–∞–¥–∏–æ—ç–ª–µ–∫—Ç—Ä–æ–Ω–Ω—ã–µ —Å–∏—Å—Ç–µ–º—ã –∏ —É—Å—Ç—Ä–æ–π—Å—Ç–≤–∞**
2. **–õ–∞–∑–µ—Ä–Ω—ã–µ –∏ –æ–ø—Ç–∏–∫–æ-—ç–ª–µ–∫—Ç—Ä–æ–Ω–Ω—ã–µ —Å–∏—Å—Ç–µ–º—ã**
3. **–¢–µ–æ—Ä–µ—Ç–∏—á–µ—Å–∫–∏–µ –æ—Å–Ω–æ–≤—ã —ç–ª–µ–∫—Ç—Ä–æ—Ç–µ—Ö–Ω–∏–∫–∏**
4. **–≠–ª–µ–º–µ–Ω—Ç—ã –ø—Ä–∏–±–æ—Ä–Ω—ã—Ö —É—Å—Ç—Ä–æ–π—Å—Ç–≤**
5. **–¢–µ—Ö–Ω–æ–ª–æ–≥–∏–∏ –ø—Ä–∏–±–æ—Ä–æ—Å—Ç—Ä–æ–µ–Ω–∏—è**

–î–æ–ø–æ–ª–Ω–∏—Ç–µ–ª—å–Ω–æ –ø—Ä–µ–¥–ª–∞–≥–∞—é—Ç—Å—è —è–∑—ã–∫–æ–≤—ã–µ –¥–∏—Å—Ü–∏–ø–ª–∏–Ω—ã:

1. **–†—É—Å—Å–∫–∏–π —è–∑—ã–∫**
2. **–ê–Ω–≥–ª–∏–π—Å–∫–∏–π —è–∑—ã–∫ –¥–ª—è –ø—Ä–∏–±–æ—Ä–æ—Å—Ç—Ä–æ–∏—Ç–µ–ª—å–Ω—ã—Ö —Å–ø–µ—Ü–∏–∞–ª—å–Ω–æ—Å—Ç–µ–π**
3. **–ê–Ω–≥–ª–∏–π—Å–∫–∏–π —è–∑—ã–∫ –¥–ª—è –º–∞—à–∏–Ω–æ—Å—Ç—Ä–æ–∏—Ç–µ–ª—å–Ω—ã—Ö —Å–ø–µ—Ü–∏–∞–ª—å–Ω–æ—Å—Ç–µ–π**
4. **–†–æ–º–∞–Ω–æ-–≥–µ—Ä–º–∞–Ω—Å–∫–∏–µ —è–∑—ã–∫–∏**

–ï—Å–ª–∏ –≤–∞–º –Ω—É–∂–Ω–∞ –¥–æ–ø–æ–ª–Ω–∏—Ç–µ–ª—å–Ω–∞—è –∏–Ω—Ñ–æ—Ä–º–∞—Ü–∏—è –æ –∫–æ–Ω–∫—Ä–µ—Ç–Ω—ã—Ö –Ω–∞–ø—Ä–∞–≤–ª–µ–Ω–∏—è—Ö –∏–ª–∏ —É—Å–ª–æ–≤–∏—è—Ö –ø–æ—Å—Ç—É–ø–ª–µ–Ω–∏—è, –Ω–µ —Å—Ç–µ—Å–Ω—è–π—Ç–µ—Å—å —Å–ø—Ä–∞—à–∏–≤–∞—Ç—å! üòä",948996424
–ö–∞–∫–∏–µ –Ω–∞–ø—Ä–∞–≤–ª–µ–Ω–∏—è –µ—Å—Ç—å –Ω–∞ —Ñ–∞–∫—É–ª—å—Ç–µ—Ç–µ –ò–£,"–ù–∞ —Ñ–∞–∫—É–ª—å—Ç–µ—Ç–µ –∏–Ω—Ñ–æ—Ä–º–∞—Ü–∏–æ–Ω–Ω—ã—Ö —Ç–µ—Ö–Ω–æ–ª–æ–≥–∏–π –∏ —É–ø—Ä–∞–≤–ª–µ–Ω–∏—è (–ò–£) –ú–ì–¢–£ –∏–º. –ù.–≠. –ë–∞—É–º–∞–Ω–∞ –ø—Ä–µ–¥–ª–∞–≥–∞—é—Ç—Å—è —Å–ª–µ–¥—É—é—â–∏–µ –Ω–∞–ø—Ä–∞–≤–ª–µ–Ω–∏—è –æ–±—É—á–µ–Ω–∏—è:

1. <b>–°–∏—Å—Ç–µ–º—ã –∞–≤—Ç–æ–º–∞—Ç–∏—á–µ—Å–∫–æ–≥–æ —É–ø—Ä–∞–≤–ª–µ–Ω–∏—è</b>
2. <b>–ü—Ä–∏–±–æ—Ä—ã –∏ —Å–∏—Å—Ç–µ–º—ã –æ—Ä–∏–µ–Ω—Ç–∞—Ü–∏–∏, —Å—Ç–∞–±–∏–ª–∏–∑–∞—Ü–∏–∏ –∏ –Ω–∞–≤–∏–≥–∞—Ü–∏–∏</b>
3. <b>–ò–Ω—Ñ–æ—Ä–º–∞—Ü–∏–æ–Ω–Ω—ã–µ —Å–∏—Å—Ç–µ–º—ã –∏ —Ç–µ–ª–µ–∫–æ–º–º—É–Ω–∏–∫–∞—Ü–∏–∏</b>
4. <b>–ü—Ä–æ–µ–∫—Ç–∏—Ä–æ–≤–∞–Ω–∏–µ –∏ —Ç–µ—Ö–Ω–æ–ª–æ–≥–∏—è –ø—Ä–æ–∏–∑–≤–æ–¥—Å—Ç–≤–∞ —ç–ª–µ–∫—Ç—Ä–æ–Ω–Ω–æ–π –∞–ø–ø–∞—Ä–∞—Ç—É—Ä—ã</b>
5. <b>–°–∏—Å—Ç–µ–º—ã –æ–±—Ä–∞–±–æ—Ç–∫–∏ –∏–Ω—Ñ–æ—Ä–º–∞—Ü–∏–∏ –∏ —É–ø—Ä–∞–≤–ª–µ–Ω–∏—è</b>
6. <b>–ö–æ–º–ø—å—é—Ç–µ—Ä–Ω—ã–µ —Å–∏—Å—Ç–µ–º—ã –∏ —Å–µ—Ç–∏</b>
7. <b>–ü—Ä–æ–≥—Ä–∞–º–º–Ω–æ–µ –æ–±–µ—Å–ø–µ—á–µ–Ω–∏–µ –≠–í–ú –∏ –∏–Ω—Ñ–æ—Ä–º–∞—Ü–∏–æ–Ω–Ω—ã–µ —Ç–µ—Ö–Ω–æ–ª–æ–≥–∏–∏</b>
8. <b>–ò–Ω—Ñ–æ—Ä–º–∞—Ü–∏–æ–Ω–Ω–∞—è –±–µ–∑–æ–ø–∞—Å–Ω–æ—Å—Ç—å</b>
9. <b>–¢–µ–æ—Ä–µ—Ç–∏—á–µ—Å–∫–∞—è –∏–Ω—Ñ–æ—Ä–º–∞—Ç–∏–∫–∞ –∏ –∫–æ–º–ø—å—é—Ç–µ—Ä–Ω—ã–µ —Ç–µ—Ö–Ω–æ–ª–æ–≥–∏–∏</b>
10. <b>–ó–∞—â–∏—Ç–∞ –∏–Ω—Ñ–æ—Ä–º–∞—Ü–∏–∏</b>
11. <b>–ë–∏–æ—Ç–µ—Ö–Ω–∏—á–µ—Å–∫–∏–µ —Å–∏—Å—Ç–µ–º—ã –∏ —Ç–µ—Ö–Ω–æ–ª–æ–≥–∏–∏</b>
12. <b>–ò—Å–∫—É—Å—Å—Ç–≤–µ–Ω–Ω—ã–π –∏–Ω—Ç–µ–ª–ª–µ–∫—Ç –≤ –∫–∏–±–µ—Ä—Ñ–∏–∑–∏—á–µ—Å–∫–∏—Ö —Å–∏—Å—Ç–µ–º–∞—Ö</b>

–ï—Å–ª–∏ —É –≤–∞—Å –µ—Å—Ç—å –≤–æ–ø—Ä–æ—Å—ã –æ –≤—Å—Ç—É–ø–∏—Ç–µ–ª—å–Ω—ã—Ö –∏—Å–ø—ã—Ç–∞–Ω–∏—è—Ö –∏–ª–∏ –¥—Ä—É–≥–∏—Ö –∞—Å–ø–µ–∫—Ç–∞—Ö –ø–æ—Å—Ç—É–ø–ª–µ–Ω–∏—è –Ω–∞ —ç—Ç–∏ –Ω–∞–ø—Ä–∞–≤–ª–µ–Ω–∏—è, –ø–æ–∂–∞–ª—É–π—Å—Ç–∞, –¥–∞–π—Ç–µ –∑–Ω–∞—Ç—å! üòä",948996424
–†–∞—Å—Å–∫–∞–∂–∏ –ø—Ä–æ –Ω–∞–ø—Ä–∞–≤–ª–µ–Ω–∏–µ –°–∏—Å—Ç–µ–º—ã –∞–≤—Ç–æ–º–∞—Ç–∏—á–µ—Å–∫–æ–≥–æ —É–ø—Ä–∞–≤–ª–µ–Ω–∏—è,"–î–æ–±—Ä–æ –ø–æ–∂–∞–ª–æ–≤–∞—Ç—å –≤ –ú–ì–¢–£ –∏–º. –ù.–≠. –ë–∞—É–º–∞–Ω–∞! üòä –ú—ã —Ä–∞–¥—ã, —á—Ç–æ –≤—ã –∏–Ω—Ç–µ—Ä–µ—Å—É–µ—Ç–µ—Å—å –Ω–∞–ø—Ä–∞–≤–ª–µ–Ω–∏–µ–º ""–°–∏—Å—Ç–µ–º—ã –∞–≤—Ç–æ–º–∞—Ç–∏—á–µ—Å–∫–æ–≥–æ —É–ø—Ä–∞–≤–ª–µ–Ω–∏—è"".

–≠—Ç–æ –Ω–∞–ø—Ä–∞–≤–ª–µ–Ω–∏–µ –æ—Ç–Ω–æ—Å–∏—Ç—Å—è –∫ —Ñ–∞–∫—É–ª—å—Ç–µ—Ç—É ""–ê–≤—Ç–æ–º–∞—Ç–∏–∑–∞—Ü–∏–∏ –∏ –∏–Ω—Ñ–æ—Ä–º–∞—Ü–∏–æ–Ω–Ω—ã—Ö —Ç–µ—Ö–Ω–æ–ª–æ–≥–∏–π"". –°—Ç—É–¥–µ–Ω—Ç—ã –∏–∑—É—á–∞—é—Ç –ø—Ä–æ–µ–∫—Ç–∏—Ä–æ–≤–∞–Ω–∏–µ, —Ä–∞–∑—Ä–∞–±–æ—Ç–∫—É –∏ —ç–∫—Å–ø–ª—É–∞—Ç–∞—Ü–∏—é —Å–∏—Å—Ç–µ–º –∞–≤—Ç–æ–º–∞—Ç–∏—á–µ—Å–∫–æ–≥–æ —É–ø—Ä–∞–≤–ª–µ–Ω–∏—è, –∞ —Ç–∞–∫–∂–µ —Å–æ–≤—Ä–µ–º–µ–Ω–Ω—ã–µ —Ç–µ—Ö–Ω–æ–ª–æ–≥–∏–∏ —É–ø—Ä–∞–≤–ª–µ–Ω–∏—è –ø—Ä–æ—Ü–µ—Å—Å–∞–º–∏.

**–í—Å—Ç—É–ø–∏—Ç–µ–ª—å–Ω—ã–µ –∏—Å–ø—ã—Ç–∞–Ω–∏—è** –¥–ª—è –ø–æ—Å—Ç—É–ø–ª–µ–Ω–∏—è –Ω–∞ —ç—Ç–æ –Ω–∞–ø—Ä–∞–≤–ª–µ–Ω–∏–µ –≤–∫–ª—é—á–∞—é—Ç:
1. –ú–∞—Ç–µ–º–∞—Ç–∏–∫–∞
2. –§–∏–∑–∏–∫–∞
3. –†—É—Å—Å–∫–∏–π —è–∑—ã–∫

–ú–∏–Ω–∏–º–∞–ª—å–Ω—ã–π –±–∞–ª–ª –ï–ì–≠ –º–æ–∂–µ—Ç –≤–∞—Ä—å–∏—Ä–æ–≤–∞—Ç—å—Å—è, –ø–æ—ç—Ç–æ–º—É —Ä–µ–∫–æ–º–µ–Ω–¥—É—é —É—Ç–æ—á–Ω–∏—Ç—å –∞–∫—Ç—É–∞–ª—å–Ω—É—é –∏–Ω—Ñ–æ—Ä–º–∞—Ü–∏—é –Ω–∞ –æ—Ñ–∏—Ü–∏–∞–ª—å–Ω–æ–º —Å–∞–π—Ç–µ —É–Ω–∏–≤–µ—Ä—Å–∏—Ç–µ—Ç–∞ –∏–ª–∏ –æ–±—Ä–∞—Ç–∏—Ç—å—Å—è –≤ –ø—Ä–∏—ë–º–Ω—É—é –∫–æ–º–∏—Å—Å–∏—é.

–ï—Å–ª–∏ —É –≤–∞—Å –µ—Å—Ç—å –¥–æ–ø–æ–ª–Ω–∏—Ç–µ–ª—å–Ω—ã–µ –≤–æ–ø—Ä–æ—Å—ã –∏–ª–∏ –Ω—É–∂–Ω–∞ –ø–æ–º–æ—â—å —Å –ø–æ–¥–∞—á–µ–π –¥–æ–∫—É–º–µ–Ω—Ç–æ–≤, –ø–æ–∂–∞–ª—É–π—Å—Ç–∞, –¥–∞–π—Ç–µ –∑–Ω–∞—Ç—å! –í—ã –º–æ–∂–µ—Ç–µ —Å–≤—è–∑–∞—Ç—å—Å—è —Å –ø—Ä–∏—ë–º–Ω–æ–π –∫–æ–º–∏—Å—Å–∏–µ–π –ø–æ —Ç–µ–ª–µ—Ñ–æ–Ω—É +7 (499) 263-63-91 –∏–ª–∏ –ø–æ —ç–ª–µ–∫—Ç—Ä–æ–Ω–Ω–æ–π –ø–æ—á—Ç–µ <a href=""mailto:pk@bmstu.ru"">pk@bmstu.ru</a>.",948996424
–†–∞—Å—Å–∫–∞–∂–∏ –ø—Ä–æ –Ω–∞–ø—Ä–∞–≤–ª–µ–Ω–∏–µ –°–∏—Å—Ç–µ–º—ã –∞–≤—Ç–æ–º–∞—Ç–∏—á–µ—Å–∫–æ–≥–æ —É–ø—Ä–∞–≤–ª–µ–Ω–∏—è,"–ù–∞–ø—Ä–∞–≤–ª–µ–Ω–∏–µ <b>–°–∏—Å—Ç–µ–º—ã –∞–≤—Ç–æ–º–∞—Ç–∏—á–µ—Å–∫–æ–≥–æ —É–ø—Ä–∞–≤–ª–µ–Ω–∏—è</b> (–∫–æ–¥ 09.03.03, –ø—Ä–æ—Ñ–∏–ª—å 05) –Ω–∞—Ö–æ–¥–∏—Ç—Å—è –Ω–∞ —Ñ–∞–∫—É–ª—å—Ç–µ—Ç–µ –ò–£1. –≠—Ç–æ –Ω–∞–ø—Ä–∞–≤–ª–µ–Ω–∏–µ –≥–æ—Ç–æ–≤–∏—Ç —Å–ø–µ—Ü–∏–∞–ª–∏—Å—Ç–æ–≤, –æ–±–ª–∞–¥–∞—é—â–∏—Ö –≤—Å–µ–º–∏ –Ω–µ–æ–±—Ö–æ–¥–∏–º—ã–º–∏ –∫–æ–º–ø–µ—Ç–µ–Ω—Ü–∏—è–º–∏ –¥–ª—è —Ä–∞–∑—Ä–∞–±–æ—Ç–∫–∏ –ø—Ä–æ–≥—Ä–∞–º–º–Ω—ã—Ö —Å–∏—Å—Ç–µ–º –∏ –∫–æ–º–ø–ª–µ–∫—Å–æ–≤, –∫–æ—Ç–æ—Ä—ã–µ —è–≤–ª—è—é—Ç—Å—è –∏–Ω—Ñ–æ—Ä–º–∞—Ü–∏–æ–Ω–Ω—ã–º–∏ —Å–∏—Å—Ç–µ–º–∞–º–∏ –≤ –æ–±–ª–∞—Å—Ç–∏ —É–ø—Ä–∞–≤–ª–µ–Ω–∏—è.

–í –ø—Ä–æ—Ü–µ—Å—Å–µ –æ–±—É—á–µ–Ω–∏—è —Å—Ç—É–¥–µ–Ω—Ç—ã –∏–∑—É—á–∞—é—Ç:
- –ü—Ä–æ–≥—Ä–∞–º–º–∏—Ä–æ–≤–∞–Ω–∏–µ, –≤–∫–ª—é—á–∞—è —Ä–∞–±–æ—Ç—É —Å –º–∏–∫—Ä–æ–∫–æ–Ω—Ç—Ä–æ–ª–ª–µ—Ä–∞–º–∏ –∏ –≤—Å—Ç—Ä–∞–∏–≤–∞–µ–º—ã–º–∏ —Å–∏—Å—Ç–µ–º–∞–º–∏
- –ê–ª–≥–æ—Ä–∏—Ç–º—ã –∏–Ω—Ç–µ–ª–ª–µ–∫—Ç—É–∞–ª—å–Ω—ã—Ö –≤—ã—á–∏—Å–ª–µ–Ω–∏–π
- –û–±—Ä–∞–±–æ—Ç–∫—É –¥–∞–Ω–Ω—ã—Ö –∏ –º–∞—à–∏–Ω–Ω–æ–µ –æ–±—É—á–µ–Ω–∏–µ
- –ú–µ—Ç–æ–¥—ã –∫–ª–∞—Å—Å–∏—á–µ—Å–∫–æ–π –∏ —Å–æ–≤—Ä–µ–º–µ–Ω–Ω–æ–π —Ç–µ–æ—Ä–∏–∏ —É–ø—Ä–∞–≤–ª–µ–Ω–∏—è
- –ú–µ—Ç–æ–¥—ã –∏–Ω—Ç–µ–ª–ª–µ–∫—Ç—É–∞–ª–∏–∑–∞—Ü–∏–∏ —Å–∏—Å—Ç–µ–º —É–ø—Ä–∞–≤–ª–µ–Ω–∏—è

<b>–ü—Ä–æ—Ö–æ–¥–Ω—ã–µ –±–∞–ª–ª—ã:</b>
- –î–ª—è –±—é–¥–∂–µ—Ç–Ω—ã—Ö –º–µ—Å—Ç –≤ 2024 –≥–æ–¥—É ‚Äî <u>287</u>, –≤ 2023 –≥–æ–¥—É ‚Äî <u>279</u>.
- –î–ª—è –ø–ª–∞—Ç–Ω–æ–≥–æ –æ–±—É—á–µ–Ω–∏—è –≤ 2024 –≥–æ–¥—É ‚Äî <u>161</u>, –≤ 2023 –≥–æ–¥—É ‚Äî <u>197</u>.

–ï—Å–ª–∏ —É –≤–∞—Å –µ—Å—Ç—å –¥–æ–ø–æ–ª–Ω–∏—Ç–µ–ª—å–Ω—ã–µ –≤–æ–ø—Ä–æ—Å—ã –∏–ª–∏ –≤—ã —Ö–æ—Ç–∏—Ç–µ —É–∑–Ω–∞—Ç—å –±–æ–ª—å—à–µ –æ –ø–æ—Å—Ç—É–ø–ª–µ–Ω–∏–∏ –Ω–∞ –¥–∞–Ω–Ω–æ–µ –Ω–∞–ø—Ä–∞–≤–ª–µ–Ω–∏–µ, –ø–æ–∂–∞–ª—É–π—Å—Ç–∞, –¥–∞–π—Ç–µ –∑–Ω–∞—Ç—å! üòä",948996424
–ß—Ç–æ –∑–∞ –Ω–∞–ø—Ä–∞–≤–ª–µ–Ω–∏–µ 09.03.04,"–ó–¥—Ä–∞–≤—Å—Ç–≤—É–π—Ç–µ! üòä –ù–∞–ø—Ä–∞–≤–ª–µ–Ω–∏–µ 09.03.04 –æ—Ç–Ω–æ—Å–∏—Ç—Å—è –∫ –æ–±–ª–∞—Å—Ç–∏ ""–ü—Ä–æ–≥—Ä–∞–º–º–Ω–∞—è –∏–Ω–∂–µ–Ω–µ—Ä–∏—è"". –≠—Ç–æ –Ω–∞–ø—Ä–∞–≤–ª–µ–Ω–∏–µ –ø–æ–¥–≥–æ—Ç–æ–≤–∫–∏ –±–∞–∫–∞–ª–∞–≤—Ä–æ–≤ –≤ –æ–±–ª–∞—Å—Ç–∏ —Ä–∞–∑—Ä–∞–±–æ—Ç–∫–∏ –ø—Ä–æ–≥—Ä–∞–º–º–Ω–æ–≥–æ –æ–±–µ—Å–ø–µ—á–µ–Ω–∏—è –∏ —Å–∏—Å—Ç–µ–º. 

–ï—Å–ª–∏ —É –≤–∞—Å –µ—Å—Ç—å –∫–æ–Ω–∫—Ä–µ—Ç–Ω—ã–µ –≤–æ–ø—Ä–æ—Å—ã –æ –≤—Å—Ç—É–ø–∏—Ç–µ–ª—å–Ω—ã—Ö –∏—Å–ø—ã—Ç–∞–Ω–∏—è—Ö, –Ω–µ–æ–±—Ö–æ–¥–∏–º—ã—Ö –¥–æ–∫—É–º–µ–Ω—Ç–∞—Ö –∏–ª–∏ —á–µ–º-—Ç–æ –µ—â—ë, –ø–æ–∂–∞–ª—É–π—Å—Ç–∞, —É—Ç–æ—á–Ω–∏—Ç–µ, –∏ —è —Å —Ä–∞–¥–æ—Å—Ç—å—é –ø–æ–º–æ–≥—É –≤–∞–º!",948996424
–ß—Ç–æ –∑–∞ –Ω–∞–ø—Ä–∞–≤–ª–µ–Ω–∏–µ 09.03.04,"–ó–¥—Ä–∞–≤—Å—Ç–≤—É–π—Ç–µ! üòä –ù–∞–ø—Ä–∞–≤–ª–µ–Ω–∏–µ 09.03.04 ‚Äî —ç—Ç–æ —Å–ø–µ—Ü–∏–∞–ª—å–Ω–æ—Å—Ç—å ¬´–ü—Ä–æ–≥—Ä–∞–º–º–Ω–∞—è –∏–Ω–∂–µ–Ω–µ—Ä–∏—è¬ª. –û–Ω–∞ –æ—Ç–Ω–æ—Å–∏—Ç—Å—è –∫ –æ–±–ª–∞—Å—Ç–∏ –∏–Ω—Ñ–æ—Ä–º–∞—Ü–∏–æ–Ω–Ω—ã—Ö —Ç–µ—Ö–Ω–æ–ª–æ–≥–∏–π –∏ –≤–∫–ª—é—á–∞–µ—Ç –≤ —Å–µ–±—è –∏–∑—É—á–µ–Ω–∏–µ —Ä–∞–∑—Ä–∞–±–æ—Ç–∫–∏ –ø—Ä–æ–≥—Ä–∞–º–º–Ω–æ–≥–æ –æ–±–µ—Å–ø–µ—á–µ–Ω–∏—è, —Å–∏—Å—Ç–µ–º–Ω–æ–≥–æ –∞–Ω–∞–ª–∏–∑–∞ –∏ –ø—Ä–æ–µ–∫—Ç–∏—Ä–æ–≤–∞–Ω–∏—è.

–ï—Å–ª–∏ —É –≤–∞—Å –µ—Å—Ç—å –¥–æ–ø–æ–ª–Ω–∏—Ç–µ–ª—å–Ω—ã–µ –≤–æ–ø—Ä–æ—Å—ã –æ –≤—Å—Ç—É–ø–∏—Ç–µ–ª—å–Ω—ã—Ö –∏—Å–ø—ã—Ç–∞–Ω–∏—è—Ö, –¥–æ–∫—É–º–µ–Ω—Ç–∞—Ö –∏–ª–∏ –¥—Ä—É–≥–∏—Ö –∞—Å–ø–µ–∫—Ç–∞—Ö –ø–æ—Å—Ç—É–ø–ª–µ–Ω–∏—è –Ω–∞ —ç—Ç–æ –Ω–∞–ø—Ä–∞–≤–ª–µ–Ω–∏–µ, –ø–æ–∂–∞–ª—É–π—Å—Ç–∞, –¥–∞–π—Ç–µ –∑–Ω–∞—Ç—å! –Ø —Å —Ä–∞–¥–æ—Å—Ç—å—é –ø–æ–º–æ–≥—É –≤–∞–º.",948996424
üëã –ü–æ–∑–¥–æ—Ä–æ–≤–∞—Ç—å—Å—è,"–ó–¥—Ä–∞–≤—Å—Ç–≤—É–π—Ç–µ! üëã –†–∞–¥—ã –ø—Ä–∏–≤–µ—Ç—Å—Ç–≤–æ–≤–∞—Ç—å –≤–∞—Å –Ω–∞ —Å–∞–π—Ç–µ –ú–ì–¢–£ –∏–º. –ù.–≠. –ë–∞—É–º–∞–Ω–∞ ‚Äî –æ–¥–Ω–æ–≥–æ –∏–∑ —Å–∞–º—ã—Ö –ø—Ä–µ—Å—Ç–∏–∂–Ω—ã—Ö —Ç–µ—Ö–Ω–∏—á–µ—Å–∫–∏—Ö —É–Ω–∏–≤–µ—Ä—Å–∏—Ç–µ—Ç–æ–≤ –†–æ—Å—Å–∏–∏! –ï—Å–ª–∏ —É –≤–∞—Å –µ—Å—Ç—å –≤–æ–ø—Ä–æ—Å—ã –æ –ø–æ—Å—Ç—É–ø–ª–µ–Ω–∏–∏, –¥–æ–∫—É–º–µ–Ω—Ç–∞—Ö –∏–ª–∏ –æ–±—Ä–∞–∑–æ–≤–∞—Ç–µ–ª—å–Ω—ã—Ö –ø—Ä–æ–≥—Ä–∞–º–º–∞—Ö, —è —Å —É–¥–æ–≤–æ–ª—å—Å—Ç–≤–∏–µ–º –ø–æ–º–æ–≥—É –≤–∞–º. –ù–µ —Å—Ç–µ—Å–Ω—è–π—Ç–µ—Å—å –∑–∞–¥–∞–≤–∞—Ç—å –≤–æ–ø—Ä–æ—Å—ã!",1250864203
–ü—Ä–∏–≤–µ—Ç,"–ó–¥—Ä–∞–≤—Å—Ç–≤—É–π—Ç–µ! –†–∞–¥ –ø—Ä–∏–≤–µ—Ç—Å—Ç–≤–æ–≤–∞—Ç—å –≤–∞—Å –Ω–∞ —Å–∞–π—Ç–µ –ú–ì–¢–£ –∏–º. –ù.–≠. –ë–∞—É–º–∞–Ω–∞, –æ–¥–Ω–æ–≥–æ –∏–∑ —Å–∞–º—ã—Ö –ø—Ä–µ—Å—Ç–∏–∂–Ω—ã—Ö —Ç–µ—Ö–Ω–∏—á–µ—Å–∫–∏—Ö —É–Ω–∏–≤–µ—Ä—Å–∏—Ç–µ—Ç–æ–≤ –†–æ—Å—Å–∏–∏! üòä 

–Ø –∑–¥–µ—Å—å, —á—Ç–æ–±—ã –ø–æ–º–æ—á—å –≤–∞–º —Å –≤–æ–ø—Ä–æ—Å–∞–º–∏ –æ –ø–æ—Å—Ç—É–ø–ª–µ–Ω–∏–∏, –ø—Ä–∞–≤–∏–ª–∞—Ö, —Å—Ä–æ–∫–∞—Ö –∏ –æ–±—Ä–∞–∑–æ–≤–∞—Ç–µ–ª—å–Ω—ã—Ö –ø—Ä–æ–≥—Ä–∞–º–º–∞—Ö. –ù–µ —Å—Ç–µ—Å–Ω—è–π—Ç–µ—Å—å –∑–∞–¥–∞–≤–∞—Ç—å –≤–æ–ø—Ä–æ—Å—ã ‚Äî —è –≥–æ—Ç–æ–≤ –ø–æ–º–æ—á—å!",1015491498
–ß—Ç–æ –∑–∞ –Ω–∞–ø—Ä–∞–≤–ª–µ–Ω–∏–µ 09.03.04,"–ù–∞–ø—Ä–∞–≤–ª–µ–Ω–∏–µ <b>09.03.04</b> ‚Äî —ç—Ç–æ <i>–†–∞–∑—Ä–∞–±–æ—Ç–∫–∞ –ø—Ä–æ–≥—Ä–∞–º–º–Ω–æ-–∏–Ω—Ñ–æ—Ä–º–∞—Ü–∏–æ–Ω–Ω—ã—Ö —Å–∏—Å—Ç–µ–º</i>, –∫–æ—Ç–æ—Ä–æ–µ —Ä–µ–∞–ª–∏–∑—É–µ—Ç—Å—è –Ω–∞ —Ñ–∞–∫—É–ª—å—Ç–µ—Ç–µ <b>–ò–£7</b>. 

<b>–ü—Ä–æ—Ñ–∏–ª—å:</b> 01

<b>–ü—Ä–æ—Ö–æ–¥–Ω—ã–µ –±–∞–ª–ª—ã:</b>
- –î–ª—è –±—é–¥–∂–µ—Ç–∞ –≤ 2024 –≥–æ–¥—É: <u>300</u>
- –î–ª—è –±—é–¥–∂–µ—Ç–∞ –≤ 2023 –≥–æ–¥—É: <u>293</u>
- –î–ª—è –ø–ª–∞—Ç–Ω–æ–≥–æ –æ–±—É—á–µ–Ω–∏—è –≤ 2024 –≥–æ–¥—É: <u>251</u>
- –î–ª—è –ø–ª–∞—Ç–Ω–æ–≥–æ –æ–±—É—á–µ–Ω–∏—è –≤ 2023 –≥–æ–¥—É: <u>255</u>
<b>–û–ø–∏—Å–∞–Ω–∏–µ –ø—Ä–æ–≥—Ä–∞–º–º—ã:</b> –û—Å–æ–±–µ–Ω–Ω–æ—Å—Ç—å—é –æ–±—Ä–∞–∑–æ–≤–∞—Ç–µ–ª—å–Ω–æ–π –ø—Ä–æ–≥—Ä–∞–º–º—ã —è–≤–ª—è–µ—Ç—Å—è –ø–æ–¥–≥–æ—Ç–æ–≤–∫–∞ —Å–ø–µ—Ü–∏–∞–ª–∏—Å—Ç–æ–≤, —Å–ø–æ—Å–æ–±–Ω—ã—Ö –ø—Ä–æ–µ–∫—Ç–∏—Ä–æ–≤–∞—Ç—å –ø—Ä–æ–≥—Ä–∞–º–º–Ω—ã–µ —Å–∏—Å—Ç–µ–º—ã –∏ —É–ø—Ä–∞–≤–ª—è—Ç—å –∫–æ–º–∞–Ω–¥–æ–π —Ä–∞–∑—Ä–∞–±–æ—Ç—á–∏–∫–æ–≤ –¥–ª—è —Å–æ–∑–¥–∞–Ω–∏—è –ø—Ä–æ–≥—Ä–∞–º–º–Ω–æ-–∏–Ω—Ñ–æ—Ä–º–∞—Ü–∏–æ–Ω–Ω—ã—Ö —Å–∏—Å—Ç–µ–º.

–ï—Å–ª–∏ —É –≤–∞—Å –µ—Å—Ç—å –¥–æ–ø–æ–ª–Ω–∏—Ç–µ–ª—å–Ω—ã–µ –≤–æ–ø—Ä–æ—Å—ã –æ –ø–æ—Å—Ç—É–ø–ª–µ–Ω–∏–∏ –∏–ª–∏ –ø—Ä–æ–≥—Ä–∞–º–º–µ, –Ω–µ —Å—Ç–µ—Å–Ω—è–π—Ç–µ—Å—å —Å–ø—Ä–∞—à–∏–≤–∞—Ç—å! üòä",948996424
–ß—Ç–æ –∑–∞ –Ω–∞–ø—Ä–∞–≤–ª–µ–Ω–∏–µ 09.03.04,"–ù–∞–ø—Ä–∞–≤–ª–µ–Ω–∏–µ <b>09.03.04</b> –Ω–∞–∑—ã–≤–∞–µ—Ç—Å—è <u>–†–∞–∑—Ä–∞–±–æ—Ç–∫–∞ –ø—Ä–æ–≥—Ä–∞–º–º–Ω–æ-–∏–Ω—Ñ–æ—Ä–º–∞—Ü–∏–æ–Ω–Ω—ã—Ö —Å–∏—Å—Ç–µ–º</u>. –û–Ω–æ —Ä–µ–∞–ª–∏–∑—É–µ—Ç—Å—è –Ω–∞ —Ñ–∞–∫—É–ª—å—Ç–µ—Ç–µ <b>–ò–£7</b>.

–û—Å–æ–±–µ–Ω–Ω–æ—Å—Ç—å—é –æ–±—Ä–∞–∑–æ–≤–∞—Ç–µ–ª—å–Ω–æ–π –ø—Ä–æ–≥—Ä–∞–º–º—ã —è–≤–ª—è–µ—Ç—Å—è –ø–æ–¥–≥–æ—Ç–æ–≤–∫–∞ —Å–ø–µ—Ü–∏–∞–ª–∏—Å—Ç–æ–≤, —Å–ø–æ—Å–æ–±–Ω—ã—Ö –ø—Ä–æ–µ–∫—Ç–∏—Ä–æ–≤–∞—Ç—å –ø—Ä–æ–≥—Ä–∞–º–º–Ω—ã–µ —Å–∏—Å—Ç–µ–º—ã –∏ —É–ø—Ä–∞–≤–ª—è—Ç—å –∫–æ–º–∞–Ω–¥–æ–π —Ä–∞–∑—Ä–∞–±–æ—Ç—á–∏–∫–æ–≤ –¥–ª—è —Å–æ–∑–¥–∞–Ω–∏—è –ø—Ä–æ–≥—Ä–∞–º–º–Ω–æ-–∏–Ω—Ñ–æ—Ä–º–∞—Ü–∏–æ–Ω–Ω—ã—Ö —Å–∏—Å—Ç–µ–º.

–ß—Ç–æ –∫–∞—Å–∞–µ—Ç—Å—è –ø—Ä–æ—Ö–æ–¥–Ω—ã—Ö –±–∞–ª–ª–æ–≤, —Ç–æ –¥–ª—è –±—é–¥–∂–µ—Ç–∞ –≤ 2024 –≥–æ–¥—É –æ–Ω —Å–æ—Å—Ç–∞–≤–∏–ª <b>300</b>, –∞ –≤ 2023 –≥–æ–¥—É ‚Äî <b>293</b>. –î–ª—è –ø–ª–∞—Ç–Ω–æ–≥–æ –æ–±—É—á–µ–Ω–∏—è –ø—Ä–æ—Ö–æ–¥–Ω–æ–π –±–∞–ª–ª –≤ 2024 –≥–æ–¥—É —Ä–∞–≤–µ–Ω <b>251</b>, –∞ –≤ 2023 –≥–æ–¥—É ‚Äî <b>255</b>.

–ï—Å–ª–∏ —É –≤–∞—Å –µ—Å—Ç—å –¥–æ–ø–æ–ª–Ω–∏—Ç–µ–ª—å–Ω—ã–µ –≤–æ–ø—Ä–æ—Å—ã –ø–æ —ç—Ç–æ–º—É –Ω–∞–ø—Ä–∞–≤–ª–µ–Ω–∏—é –∏–ª–∏ –¥—Ä—É–≥–∏–º –∞—Å–ø–µ–∫—Ç–∞–º –ø–æ—Å—Ç—É–ø–ª–µ–Ω–∏—è, —è —Å —Ä–∞–¥–æ—Å—Ç—å—é –ø–æ–º–æ–≥—É!",948996424
–ö–∞–∫–∏–µ –¥–æ–∫—É–º–µ–Ω—Ç—ã –Ω–∞–¥–æ –ø—Ä–∏–Ω–µ—Å—Ç–∏ —Å —Å–æ–±–æ–π –≤ –∏–Ω—Å—Ç–∏—Ç—É—Ç?,"–î–ª—è –ø–æ—Å—Ç—É–ø–ª–µ–Ω–∏—è –≤ –ú–ì–¢–£ –∏–º. –ù.–≠. –ë–∞—É–º–∞–Ω–∞ –≤–∞–º –ø–æ–Ω–∞–¥–æ–±—è—Ç—Å—è —Å–ª–µ–¥—É—é—â–∏–µ –¥–æ–∫—É–º–µ–Ω—Ç—ã:

1. **–î–æ–∫—É–º–µ–Ω—Ç –æ —Å—Ä–µ–¥–Ω–µ–º –æ–±—â–µ–º –æ–±—Ä–∞–∑–æ–≤–∞–Ω–∏–∏** –∏–ª–∏ **—Å—Ä–µ–¥–Ω–µ–º –ø—Ä–æ—Ñ–µ—Å—Å–∏–æ–Ω–∞–ª—å–Ω–æ–º –æ–±—Ä–∞–∑–æ–≤–∞–Ω–∏–∏** (–∞—Ç—Ç–µ—Å—Ç–∞—Ç –∏–ª–∏ –¥–∏–ø–ª–æ–º).
2. **–°–ø—Ä–∞–≤–∫–∞ –æ–± —É—Å–ø–µ—à–Ω–æ–π —Å–¥–∞—á–µ –ï–ì–≠** (–µ—Å–ª–∏ –≤—ã –ø–æ—Å—Ç—É–ø–∞–µ—Ç–µ –Ω–∞ –æ—Å–Ω–æ–≤–µ —Ä–µ–∑—É–ª—å—Ç–∞—Ç–æ–≤ –ï–ì–≠).
3. **–§–æ—Ç–æ–≥—Ä–∞—Ñ–∏–∏** (—Ä–∞–∑–º–µ—Ä–æ–º 3—Ö4 —Å–º, –∫–æ–ª–∏—á–µ—Å—Ç–≤–æ —É—Ç–æ—á–Ω—è–π—Ç–µ –≤ –ø—Ä–∏—ë–º–Ω–æ–π –∫–æ–º–∏—Å—Å–∏–∏).
4. **–ö–æ–ø–∏—è –ø–∞—Å–ø–æ—Ä—Ç–∞**.
5. **–ó–∞—è–≤–ª–µ–Ω–∏–µ –æ –ø—Ä–∏—ë–º–µ** (—Ñ–æ—Ä–º—É –º–æ–∂–Ω–æ –ø–æ–ª—É—á–∏—Ç—å –≤ –ø—Ä–∏—ë–º–Ω–æ–π –∫–æ–º–∏—Å—Å–∏–∏).

–û–±—Ä–∞—Ç–∏—Ç–µ –≤–Ω–∏–º–∞–Ω–∏–µ, —á—Ç–æ —Å–ø–∏—Å–æ–∫ –¥–æ–∫—É–º–µ–Ω—Ç–æ–≤ –º–æ–∂–µ—Ç –≤–∞—Ä—å–∏—Ä–æ–≤–∞—Ç—å—Å—è –≤ –∑–∞–≤–∏—Å–∏–º–æ—Å—Ç–∏ –æ—Ç –∫–æ–Ω–∫—Ä–µ—Ç–Ω–æ–π –ø—Ä–æ–≥—Ä–∞–º–º—ã –∏ –≥–æ–¥–∞ –ø–æ—Å—Ç—É–ø–ª–µ–Ω–∏—è, –ø–æ—ç—Ç–æ–º—É —Ä–µ–∫–æ–º–µ–Ω–¥—É—é —É—Ç–æ—á–Ω–∏—Ç—å –∏–Ω—Ñ–æ—Ä–º–∞—Ü–∏—é –Ω–∞ <b>–æ—Ñ–∏—Ü–∏–∞–ª—å–Ω–æ–º —Å–∞–π—Ç–µ</b> –∏–ª–∏ —Å–≤—è–∑–∞—Ç—å—Å—è —Å –ø—Ä–∏—ë–º–Ω–æ–π –∫–æ–º–∏—Å—Å–∏–µ–π.

–ï—Å–ª–∏ —É –≤–∞—Å –µ—Å—Ç—å –¥–æ–ø–æ–ª–Ω–∏—Ç–µ–ª—å–Ω—ã–µ –≤–æ–ø—Ä–æ—Å—ã, —è —Å —Ä–∞–¥–æ—Å—Ç—å—é –ø–æ–º–æ–≥—É! üòä",948996424
–ß—Ç–æ –¥—É–º–∞–µ—à—å –ø—Ä–æ –ü—É—Ç–∏–Ω–∞?,"–Ø —Å–æ—Å—Ä–µ–¥–æ—Ç–æ—á–µ–Ω –Ω–∞ –≤–æ–ø—Ä–æ—Å–∞—Ö, —Å–≤—è–∑–∞–Ω–Ω—ã—Ö —Å –ø–æ—Å—Ç—É–ø–ª–µ–Ω–∏–µ–º –≤ –ú–ì–¢–£ –∏–º. –ù.–≠. –ë–∞—É–º–∞–Ω–∞ –∏ –æ–±—Ä–∞–∑–æ–≤–∞—Ç–µ–ª—å–Ω—ã–º–∏ –ø—Ä–æ–≥—Ä–∞–º–º–∞–º–∏. –ï—Å–ª–∏ —É –≤–∞—Å –µ—Å—Ç—å –≤–æ–ø—Ä–æ—Å—ã –æ –ø–æ—Å—Ç—É–ø–ª–µ–Ω–∏–∏, –¥–æ–∫—É–º–µ–Ω—Ç–∞—Ö –∏–ª–∏ —É—á–µ–±–Ω—ã—Ö –Ω–∞–ø—Ä–∞–≤–ª–µ–Ω–∏—è—Ö, —è —Å —Ä–∞–¥–æ—Å—Ç—å—é –ø–æ–º–æ–≥—É!",948996424
–ö—Ç–æ —Ç–∞–∫–æ–π –†–∞—Å—ç–ª –ö—Ä–æ—É?,"–Ø –º–æ–≥—É –ø–æ–º–æ—á—å –≤–∞–º —Ç–æ–ª—å–∫–æ —Å –≤–æ–ø—Ä–æ—Å–∞–º–∏, —Å–≤—è–∑–∞–Ω–Ω—ã–º–∏ —Å –ø–æ—Å—Ç—É–ø–ª–µ–Ω–∏–µ–º –≤ –ú–ì–¢–£ –∏–º. –ù.–≠. –ë–∞—É–º–∞–Ω–∞. –ï—Å–ª–∏ —É –≤–∞—Å –µ—Å—Ç—å –≤–æ–ø—Ä–æ—Å—ã –æ –ø–æ—Å—Ç—É–ø–ª–µ–Ω–∏–∏, –æ–±—Ä–∞–∑–æ–≤–∞—Ç–µ–ª—å–Ω—ã—Ö –ø—Ä–æ–≥—Ä–∞–º–º–∞—Ö –∏–ª–∏ –¥—Ä—É–≥–∏—Ö –∞—Å–ø–µ–∫—Ç–∞—Ö –æ–±—É—á–µ–Ω–∏—è –≤ –Ω–∞—à–µ–º —É–Ω–∏–≤–µ—Ä—Å–∏—Ç–µ—Ç–µ, –ø–æ–∂–∞–ª—É–π—Å—Ç–∞, –∑–∞–¥–∞–≤–∞–π—Ç–µ!",948996424
–¢—ã –≥–µ–π ?,"–Ø –∑–¥–µ—Å—å, —á—Ç–æ–±—ã –ø–æ–º–æ—á—å –≤–∞–º —Å –≤–æ–ø—Ä–æ—Å–∞–º–∏ –æ –ø–æ—Å—Ç—É–ø–ª–µ–Ω–∏–∏ –≤ –ú–ì–¢–£ –∏–º. –ù.–≠. –ë–∞—É–º–∞–Ω–∞. –ï—Å–ª–∏ —É –≤–∞—Å –µ—Å—Ç—å –≤–æ–ø—Ä–æ—Å—ã –æ –ø—Ä–∞–≤–∏–ª–∞—Ö –ø—Ä–∏—ë–º–∞, —Å—Ä–æ–∫–∞—Ö –∏–ª–∏ –æ–±—Ä–∞–∑–æ–≤–∞—Ç–µ–ª—å–Ω—ã—Ö –ø—Ä–æ–≥—Ä–∞–º–º–∞—Ö, –ø–æ–∂–∞–ª—É–π—Å—Ç–∞, –∑–∞–¥–∞–≤–∞–π—Ç–µ! üòä",1015491498
–¢—ã –≥–µ–π,"–Ø –∑–¥–µ—Å—å, —á—Ç–æ–±—ã –ø–æ–º–æ—á—å –≤–∞–º —Å –≤–æ–ø—Ä–æ—Å–∞–º–∏ –æ –ø–æ—Å—Ç—É–ø–ª–µ–Ω–∏–∏ –≤ –ú–ì–¢–£ –∏–º. –ù.–≠. –ë–∞—É–º–∞–Ω–∞. –ï—Å–ª–∏ —É –≤–∞—Å –µ—Å—Ç—å –≤–æ–ø—Ä–æ—Å—ã –æ –ø—Ä–∞–≤–∏–ª–∞—Ö –ø—Ä–∏—ë–º–∞, —Å—Ä–æ–∫–∞—Ö –∏–ª–∏ –æ–±—Ä–∞–∑–æ–≤–∞—Ç–µ–ª—å–Ω—ã—Ö –ø—Ä–æ–≥—Ä–∞–º–º–∞—Ö, –ø–æ–∂–∞–ª—É–π—Å—Ç–∞, –∑–∞–¥–∞–≤–∞–π—Ç–µ! üòä",1015491498
–ë–µ—Ä—É—Ç –ª–∏ –≤ –±–∞–º–æ–Ω–∫–µ –≤ —Ä–æ—Ç ?,"–Ø –∑–¥–µ—Å—å, —á—Ç–æ–±—ã –ø–æ–º–æ—á—å –≤–∞–º —Å –≤–æ–ø—Ä–æ—Å–∞–º–∏ –æ –ø–æ—Å—Ç—É–ø–ª–µ–Ω–∏–∏ –≤ –ú–ì–¢–£ –∏–º. –ù.–≠. –ë–∞—É–º–∞–Ω–∞. –ï—Å–ª–∏ —É –≤–∞—Å –µ—Å—Ç—å –≤–æ–ø—Ä–æ—Å—ã –æ –ø—Ä–∞–≤–∏–ª–∞—Ö –ø—Ä–∏—ë–º–∞, —Å—Ä–æ–∫–∞—Ö –∏–ª–∏ –æ–±—Ä–∞–∑–æ–≤–∞—Ç–µ–ª—å–Ω—ã—Ö –ø—Ä–æ–≥—Ä–∞–º–º–∞—Ö, –ø–æ–∂–∞–ª—É–π—Å—Ç–∞, –∑–∞–¥–∞–≤–∞–π—Ç–µ! üòä",1015491498
–Ø —Ö–æ—á—É –µ–±–∞—Ç—å—Å—è,"–Ø –∑–¥–µ—Å—å, —á—Ç–æ–±—ã –ø–æ–º–æ—á—å –≤–∞–º —Å –≤–æ–ø—Ä–æ—Å–∞–º–∏ –æ –ø–æ—Å—Ç—É–ø–ª–µ–Ω–∏–∏ –≤ –ú–ì–¢–£ –∏–º. –ù.–≠. –ë–∞—É–º–∞–Ω–∞. –ï—Å–ª–∏ —É –≤–∞—Å –µ—Å—Ç—å –≤–æ–ø—Ä–æ—Å—ã –æ –ø—Ä–∞–≤–∏–ª–∞—Ö –ø—Ä–∏—ë–º–∞, —Å—Ä–æ–∫–∞—Ö –∏–ª–∏ –æ–±—Ä–∞–∑–æ–≤–∞—Ç–µ–ª—å–Ω—ã—Ö –ø—Ä–æ–≥—Ä–∞–º–º–∞—Ö, –ø–æ–∂–∞–ª—É–π—Å—Ç–∞, –∑–∞–¥–∞–≤–∞–π—Ç–µ! üòä",1015491498
–ö—Ç–æ —Ç–∞–∫–æ–π –∫–æ—Ä–æ–ª–µ–≤,"–Ø –∑–¥–µ—Å—å, —á—Ç–æ–±—ã –ø–æ–º–æ—á—å –≤–∞–º —Å –≤–æ–ø—Ä–æ—Å–∞–º–∏ –æ –ø–æ—Å—Ç—É–ø–ª–µ–Ω–∏–∏ –≤ –ú–ì–¢–£ –∏–º. –ù.–≠. –ë–∞—É–º–∞–Ω–∞. –ï—Å–ª–∏ —É –≤–∞—Å –µ—Å—Ç—å –≤–æ–ø—Ä–æ—Å—ã –æ –ø—Ä–∞–≤–∏–ª–∞—Ö –ø—Ä–∏—ë–º–∞, —Å—Ä–æ–∫–∞—Ö –∏–ª–∏ –æ–±—Ä–∞–∑–æ–≤–∞—Ç–µ–ª—å–Ω—ã—Ö –ø—Ä–æ–≥—Ä–∞–º–º–∞—Ö, –ø–æ–∂–∞–ª—É–π—Å—Ç–∞, –∑–∞–¥–∞–≤–∞–π—Ç–µ! üòä",1015491498
–ß—Ç–æ —Ç–∞–∫–æ–µ –∏–Ω—Ñ–æ—Ä–º–∞—Ç–∏–∫–∞ ?,"–ò–Ω—Ñ–æ—Ä–º–∞—Ç–∏–∫–∞ ‚Äî —ç—Ç–æ –Ω–∞—É–∫–∞, –∏–∑—É—á–∞—é—â–∞—è –æ–±—Ä–∞–±–æ—Ç–∫—É, —Ö—Ä–∞–Ω–µ–Ω–∏–µ –∏ –ø–µ—Ä–µ–¥–∞—á—É –∏–Ω—Ñ–æ—Ä–º–∞—Ü–∏–∏ —Å –ø–æ–º–æ—â—å—é –∫–æ–º–ø—å—é—Ç–µ—Ä–æ–≤ –∏ –¥—Ä—É–≥–∏—Ö —Ç–µ—Ö–Ω–∏—á–µ—Å–∫–∏—Ö —Å—Ä–µ–¥—Å—Ç–≤. –í —Ä–∞–º–∫–∞—Ö –æ–±—Ä–∞–∑–æ–≤–∞—Ç–µ–ª—å–Ω–æ–π –ø—Ä–æ–≥—Ä–∞–º–º—ã –ú–ì–¢–£ –∏–º. –ù.–≠. –ë–∞—É–º–∞–Ω–∞ –ø–æ –Ω–∞–ø—Ä–∞–≤–ª–µ–Ω–∏—é ""–¶–∏—Ñ—Ä–æ–≤–∞—è —Ç—Ä–∞–Ω—Å—Ñ–æ—Ä–º–∞—Ü–∏—è –±–∏–∑–Ω–µ—Å–∞"" (–∫–æ–¥ 38.03.02, –ø—Ä–æ—Ñ–∏–ª—å 07) –∞–∫—Ü–µ–Ω—Ç–∏—Ä—É–µ—Ç—Å—è –≤–Ω–∏–º–∞–Ω–∏–µ –Ω–∞ —Ñ–æ—Ä–º–∏—Ä–æ–≤–∞–Ω–∏–∏ —Å–ø–æ—Å–æ–±–Ω–æ—Å—Ç–µ–π –≤—ã–ø—É—Å–∫–Ω–∏–∫–æ–≤ –∞–Ω–∞–ª–∏–∑–∏—Ä–æ–≤–∞—Ç—å –Ω–æ–≤—ã–µ –≤–æ–∑–º–æ–∂–Ω–æ—Å—Ç–∏ —Ä—ã–Ω–∫–∞ –≤ —É—Å–ª–æ–≤–∏—è—Ö —Ü–∏—Ñ—Ä–æ–≤–æ–π —ç–∫–æ–Ω–æ–º–∏–∫–∏, –ø—Ä–æ–≥–Ω–æ–∑–∏—Ä–æ–≤–∞—Ç—å –∏ –ø–ª–∞–Ω–∏—Ä–æ–≤–∞—Ç—å —Ä–∞–∑–≤–∏—Ç–∏–µ –Ω–æ–≤—ã—Ö —Ç–æ–≤–∞—Ä–æ–≤ –∏ —É—Å–ª—É–≥, –∞ —Ç–∞–∫–∂–µ –Ω–∞—Ö–æ–¥–∏—Ç—å –∫—Ä–µ–∞—Ç–∏–≤–Ω—ã–µ —Ä–µ—à–µ–Ω–∏—è –¥–ª—è –±–∏–∑–Ω–µ—Å-–∑–∞–¥–∞—á.

–ï—Å–ª–∏ –≤–∞—Å –∏–Ω—Ç–µ—Ä–µ—Å—É–µ—Ç –ø–æ—Å—Ç—É–ø–ª–µ–Ω–∏–µ –Ω–∞ —ç—Ç—É –ø—Ä–æ–≥—Ä–∞–º–º—É –∏–ª–∏ –µ—Å—Ç—å –¥—Ä—É–≥–∏–µ –≤–æ–ø—Ä–æ—Å—ã –æ –ø—Ä–∞–≤–∏–ª–∞—Ö –ø—Ä–∏—ë–º–∞, –Ω–µ —Å—Ç–µ—Å–Ω—è–π—Ç–µ—Å—å –∑–∞–¥–∞–≤–∞—Ç—å! üòä",1015491498
–ú–æ–∂–Ω–æ –ª–∏ –µ–±–∞—Ç—å—Å—è –Ω–∞ –∏–Ω—Ñ–æ—Ä–º–∞—Ç–∏–∫–µ,"–Ø –∑–¥–µ—Å—å, —á—Ç–æ–±—ã –ø–æ–º–æ—á—å –≤–∞–º —Å –≤–æ–ø—Ä–æ—Å–∞–º–∏ –æ –ø–æ—Å—Ç—É–ø–ª–µ–Ω–∏–∏ –≤ –ú–ì–¢–£ –∏–º. –ù.–≠. –ë–∞—É–º–∞–Ω–∞. –ï—Å–ª–∏ —É –≤–∞—Å –µ—Å—Ç—å –≤–æ–ø—Ä–æ—Å—ã –æ –ø—Ä–∞–≤–∏–ª–∞—Ö –ø—Ä–∏—ë–º–∞, —Å—Ä–æ–∫–∞—Ö –∏–ª–∏ –æ–±—Ä–∞–∑–æ–≤–∞—Ç–µ–ª—å–Ω—ã—Ö –ø—Ä–æ–≥—Ä–∞–º–º–∞—Ö, –ø–æ–∂–∞–ª—É–π—Å—Ç–∞, –∑–∞–¥–∞–≤–∞–π—Ç–µ! üòä",1015491498
–ö–∞–∫ –ø–æ–ª—É—á–∏—Ç—å –∑–∞—á–µ—Ç–Ω—ã–π –ø—Ä–æ–±–∏–≤ –≤ –ø–æ–ø—É –Ω–∞ –∏–Ω—Ñ–æ—Ä–º–∞—Ç–∏–∫–µ,"–Ø –∑–¥–µ—Å—å, —á—Ç–æ–±—ã –ø–æ–º–æ—á—å –≤–∞–º —Å –≤–æ–ø—Ä–æ—Å–∞–º–∏ –æ –ø–æ—Å—Ç—É–ø–ª–µ–Ω–∏–∏ –≤ –ú–ì–¢–£ –∏–º. –ù.–≠. –ë–∞—É–º–∞–Ω–∞. –ï—Å–ª–∏ —É –≤–∞—Å –µ—Å—Ç—å –≤–æ–ø—Ä–æ—Å—ã –æ –ø—Ä–∞–≤–∏–ª–∞—Ö –ø—Ä–∏—ë–º–∞, —Å—Ä–æ–∫–∞—Ö –∏–ª–∏ –æ–±—Ä–∞–∑–æ–≤–∞—Ç–µ–ª—å–Ω—ã—Ö –ø—Ä–æ–≥—Ä–∞–º–º–∞—Ö, –ø–æ–∂–∞–ª—É–π—Å—Ç–∞, –∑–∞–¥–∞–≤–∞–π—Ç–µ! üòä",1015491498
–û–≥–æ,"–ó–¥—Ä–∞–≤—Å—Ç–≤—É–π—Ç–µ! –†–∞–¥ –≤–∞—Å –≤–∏–¥–µ—Ç—å. –ï—Å–ª–∏ —É –≤–∞—Å –µ—Å—Ç—å –≤–æ–ø—Ä–æ—Å—ã –æ –ø–æ—Å—Ç—É–ø–ª–µ–Ω–∏–∏ –≤ –ú–ì–¢–£ –∏–º. –ù.–≠. –ë–∞—É–º–∞–Ω–∞, –ø—Ä–∞–≤–∏–ª–∞—Ö –ø—Ä–∏—ë–º–∞, —Å—Ä–æ–∫–∞—Ö –∏–ª–∏ –æ–±—Ä–∞–∑–æ–≤–∞—Ç–µ–ª—å–Ω—ã—Ö –ø—Ä–æ–≥—Ä–∞–º–º–∞—Ö, –ø–æ–∂–∞–ª—É–π—Å—Ç–∞, –Ω–µ —Å—Ç–µ—Å–Ω—è–π—Ç–µ—Å—å –∑–∞–¥–∞–≤–∞—Ç—å! üòä",1015491498
–ì–æ –í–∏—Ä—Ç,"–ó–¥—Ä–∞–≤—Å—Ç–≤—É–π—Ç–µ! –Ø –∑–¥–µ—Å—å, —á—Ç–æ–±—ã –ø–æ–º–æ—á—å –≤–∞–º —Å –≤–æ–ø—Ä–æ—Å–∞–º–∏ –æ –ø–æ—Å—Ç—É–ø–ª–µ–Ω–∏–∏ –≤ –ú–ì–¢–£ –∏–º. –ù.–≠. –ë–∞—É–º–∞–Ω–∞. –ï—Å–ª–∏ —É –≤–∞—Å –µ—Å—Ç—å –≤–æ–ø—Ä–æ—Å—ã –æ –ø—Ä–∞–≤–∏–ª–∞—Ö –ø—Ä–∏—ë–º–∞, —Å—Ä–æ–∫–∞—Ö –∏–ª–∏ –æ–±—Ä–∞–∑–æ–≤–∞—Ç–µ–ª—å–Ω—ã—Ö –ø—Ä–æ–≥—Ä–∞–º–º–∞—Ö, –ø–æ–∂–∞–ª—É–π—Å—Ç–∞, –∑–∞–¥–∞–≤–∞–π—Ç–µ! üòä",1015491498
–¢—ã —Ç–æ—Ä–º–æ–∑,"–ó–¥—Ä–∞–≤—Å—Ç–≤—É–π—Ç–µ! –Ø –∑–¥–µ—Å—å, —á—Ç–æ–±—ã –ø–æ–º–æ—á—å –≤–∞–º —Å –≤–æ–ø—Ä–æ—Å–∞–º–∏ –æ –ø–æ—Å—Ç—É–ø–ª–µ–Ω–∏–∏ –≤ –ú–ì–¢–£ –∏–º. –ù.–≠. –ë–∞—É–º–∞–Ω–∞. –ï—Å–ª–∏ —É –≤–∞—Å –µ—Å—Ç—å –≤–æ–ø—Ä–æ—Å—ã –æ –ø—Ä–∞–≤–∏–ª–∞—Ö –ø—Ä–∏—ë–º–∞, —Å—Ä–æ–∫–∞—Ö –∏–ª–∏ –æ–±—Ä–∞–∑–æ–≤–∞—Ç–µ–ª—å–Ω—ã—Ö –ø—Ä–æ–≥—Ä–∞–º–º–∞—Ö, –ø–æ–∂–∞–ª—É–π—Å—Ç–∞, –Ω–µ —Å—Ç–µ—Å–Ω—è–π—Ç–µ—Å—å –∑–∞–¥–∞–≤–∞—Ç—å! üòä",1015491498
–û—Å–∫–æ—Ä–±–∏ –º–µ–Ω—è,"–Ø –∑–¥–µ—Å—å, —á—Ç–æ–±—ã –ø–æ–º–æ—á—å –≤–∞–º —Å –≤–æ–ø—Ä–æ—Å–∞–º–∏ –æ –ø–æ—Å—Ç—É–ø–ª–µ–Ω–∏–∏ –≤ –ú–ì–¢–£ –∏–º. –ù.–≠. –ë–∞—É–º–∞–Ω–∞. –ï—Å–ª–∏ —É –≤–∞—Å –µ—Å—Ç—å –≤–æ–ø—Ä–æ—Å—ã –æ –ø—Ä–∞–≤–∏–ª–∞—Ö –ø—Ä–∏—ë–º–∞, —Å—Ä–æ–∫–∞—Ö –∏–ª–∏ –æ–±—Ä–∞–∑–æ–≤–∞—Ç–µ–ª—å–Ω—ã—Ö –ø—Ä–æ–≥—Ä–∞–º–º–∞—Ö, –ø–æ–∂–∞–ª—É–π—Å—Ç–∞, –∑–∞–¥–∞–≤–∞–π—Ç–µ! üòä",1015491498
–ï—Å—Ç—å –ª–∏ —Å–ø–µ—Ü–∏–∞–ª—å–Ω—ã–µ –º–µ—Ä–æ–ø—Ä–∏—è—Ç–∏—è –≤ –≤—É–∑–µ –ø–æ –º–∏–Ω–µ—Ç—É ?,"–Ø –∑–¥–µ—Å—å, —á—Ç–æ–±—ã –ø–æ–º–æ—á—å –≤–∞–º —Å –≤–æ–ø—Ä–æ—Å–∞–º–∏ –æ –ø–æ—Å—Ç—É–ø–ª–µ–Ω–∏–∏ –≤ –ú–ì–¢–£ –∏–º. –ù.–≠. –ë–∞—É–º–∞–Ω–∞. –ï—Å–ª–∏ —É –≤–∞—Å –µ—Å—Ç—å –≤–æ–ø—Ä–æ—Å—ã –æ –ø—Ä–∞–≤–∏–ª–∞—Ö –ø—Ä–∏—ë–º–∞, —Å—Ä–æ–∫–∞—Ö –∏–ª–∏ –æ–±—Ä–∞–∑–æ–≤–∞—Ç–µ–ª—å–Ω—ã—Ö –ø—Ä–æ–≥—Ä–∞–º–º–∞—Ö, –ø–æ–∂–∞–ª—É–π—Å—Ç–∞, –∑–∞–¥–∞–≤–∞–π—Ç–µ! üòä",1015491498
–ï—Å—Ç—å –ª–∏ —Å–ø–µ—Ü–∏–∞–ª—å–Ω—ã–µ –º–µ—Ä–æ–ø—Ä–∏—è—Ç–∏—è –≤ –≤—É–∑–µ,"–í –ú–ì–¢–£ –∏–º. –ù.–≠. –ë–∞—É–º–∞–Ω–∞ –¥–µ–π—Å—Ç–≤–∏—Ç–µ–ª—å–Ω–æ –ø—Ä–æ–≤–æ–¥—è—Ç—Å—è —Å–ø–µ—Ü–∏–∞–ª—å–Ω—ã–µ –º–µ—Ä–æ–ø—Ä–∏—è—Ç–∏—è –¥–ª—è –æ–ø—Ä–µ–¥–µ–ª—ë–Ω–Ω—ã—Ö –≥—Ä—É–ø–ø –∞–±–∏—Ç—É—Ä–∏–µ–Ω—Ç–æ–≤. –ù–∞–ø—Ä–∏–º–µ—Ä, –≤–Ω—É—Ç—Ä–µ–Ω–Ω–∏–µ —ç–∫–∑–∞–º–µ–Ω—ã –º–æ–≥—É—Ç –±—ã—Ç—å –∞–ª—å—Ç–µ—Ä–Ω–∞—Ç–∏–≤–æ–π –ï–ì–≠ –¥–ª—è —Å–ª–µ–¥—É—é—â–∏—Ö –∫–∞—Ç–µ–≥–æ—Ä–∏–π:

- –ò–Ω–≤–∞–ª–∏–¥—ã (–≤ —Ç–æ–º —á–∏—Å–ª–µ –¥–µ—Ç–∏-–∏–Ω–≤–∞–ª–∏–¥—ã);
- –ò–Ω–æ—Å—Ç—Ä–∞–Ω–Ω—ã–µ –≥—Ä–∞–∂–¥–∞–Ω–µ;
- –õ–∏—Ü–∞, –∑–∞–≤–µ—Ä—à–∏–≤—à–∏–µ –æ—Å–≤–æ–µ–Ω–∏–µ –æ–±—Ä–∞–∑–æ–≤–∞—Ç–µ–ª—å–Ω—ã—Ö –ø—Ä–æ–≥—Ä–∞–º–º —Å—Ä–µ–¥–Ω–µ–≥–æ –æ–±—â–µ–≥–æ –æ–±—Ä–∞–∑–æ–≤–∞–Ω–∏—è –∏–ª–∏ —Å—Ä–µ–¥–Ω–µ–≥–æ —Å–ø–µ—Ü–∏–∞–ª—å–Ω–æ–≥–æ –æ–±—Ä–∞–∑–æ–≤–∞–Ω–∏—è –∏ —É—Å–ø–µ—à–Ω–æ –ø—Ä–æ—à–µ–¥—à–∏–µ –≥–æ—Å—É–¥–∞—Ä—Å—Ç–≤–µ–Ω–Ω—É—é –∏—Ç–æ–≥–æ–≤—É—é –∞—Ç—Ç–µ—Å—Ç–∞—Ü–∏—é –Ω–∞ —Ç–µ—Ä—Ä–∏—Ç–æ—Ä–∏—è—Ö –î–ù–†, –õ–ù–†, –ó–∞–ø–æ—Ä–æ–∂—Å–∫–æ–π –∏ –•–µ—Ä—Å–æ–Ω—Å–∫–æ–π –æ–±–ª–∞—Å—Ç–µ–π;
- –î–µ—Ç–∏ –≤–æ–µ–Ω–Ω–æ—Å–ª—É–∂–∞—â–∏—Ö –∏ —Å–æ—Ç—Ä—É–¥–Ω–∏–∫–æ–≤ —Ñ–µ–¥–µ—Ä–∞–ª—å–Ω—ã—Ö –æ—Ä–≥–∞–Ω–æ–≤ –∏—Å–ø–æ–ª–Ω–∏—Ç–µ–ª—å–Ω–æ–π –≤–ª–∞—Å—Ç–∏, —É—á–∞—Å—Ç–≤–æ–≤–∞–≤—à–∏—Ö –≤ —Å–ø–µ—Ü–∏–∞–ª—å–Ω–æ–π –≤–æ–µ–Ω–Ω–æ–π –æ–ø–µ—Ä–∞—Ü–∏–∏ –Ω–∞ —É–∫–∞–∑–∞–Ω–Ω—ã—Ö —Ç–µ—Ä—Ä–∏—Ç–æ—Ä–∏—è—Ö;
- –ò –¥—Ä—É–≥–∏–µ –∫–∞—Ç–µ–≥–æ—Ä–∏–∏, —É–∫–∞–∑–∞–Ω–Ω—ã–µ –≤ –æ—Ñ–∏—Ü–∏–∞–ª—å–Ω—ã—Ö –¥–æ–∫—É–º–µ–Ω—Ç–∞—Ö.

–ï—Å–ª–∏ —É –≤–∞—Å –µ—Å—Ç—å –¥–æ–ø–æ–ª–Ω–∏—Ç–µ–ª—å–Ω—ã–µ –≤–æ–ø—Ä–æ—Å—ã –æ –ø–æ—Å—Ç—É–ø–ª–µ–Ω–∏–∏ –∏–ª–∏ —Å–ø–µ—Ü–∏–∞–ª—å–Ω—ã—Ö –º–µ—Ä–æ–ø—Ä–∏—è—Ç–∏—è—Ö, –Ω–µ —Å—Ç–µ—Å–Ω—è–π—Ç–µ—Å—å –∑–∞–¥–∞–≤–∞—Ç—å! üòä",1015491498
–ï—Å—Ç—å –ª–∏ —Å–ø–µ—Ü–∏–∞–ª—å–Ω—ã–µ –º–µ—Ä–æ–ø—Ä–∏—è—Ç–∏—è –≤ –≤—É–∑–µ –ø–æ —à–ø–∏–ª–∏–≤–∏–ª–∏–Ω–≥—É,"–Ø –∑–¥–µ—Å—å, —á—Ç–æ–±—ã –ø–æ–º–æ—á—å –≤–∞–º —Å –≤–æ–ø—Ä–æ—Å–∞–º–∏ –æ –ø–æ—Å—Ç—É–ø–ª–µ–Ω–∏–∏ –≤ –ú–ì–¢–£ –∏–º. –ù.–≠. –ë–∞—É–º–∞–Ω–∞. –û–¥–Ω–∞–∫–æ, –∫ —Å–æ–∂–∞–ª–µ–Ω–∏—é, –Ω–µ —Ä–∞—Å–ø–æ–ª–∞–≥–∞—é –∏–Ω—Ñ–æ—Ä–º–∞—Ü–∏–µ–π –æ —Å–ø–µ—Ü–∏–∞–ª—å–Ω—ã—Ö –º–µ—Ä–æ–ø—Ä–∏—è—Ç–∏—è—Ö –ø–æ —à–ø–∏–ª–∏–≤–∏–ª–∏–Ω–≥—É. –ï—Å–ª–∏ —É –≤–∞—Å –µ—Å—Ç—å –≤–æ–ø—Ä–æ—Å—ã –æ –ø—Ä–∞–≤–∏–ª–∞—Ö –ø—Ä–∏—ë–º–∞, —Å—Ä–æ–∫–∞—Ö –∏–ª–∏ –æ–±—Ä–∞–∑–æ–≤–∞—Ç–µ–ª—å–Ω—ã—Ö –ø—Ä–æ–≥—Ä–∞–º–º–∞—Ö, –ø–æ–∂–∞–ª—É–π—Å—Ç–∞, –∑–∞–¥–∞–≤–∞–π—Ç–µ! üòä",1015491498
–ï—Å—Ç—å –ª–∏ —Å–ø–µ—Ü–∏–∞–ª—å–Ω—ã–µ –º–µ—Ä–æ–ø—Ä–∏—è—Ç–∏—è –≤ –≤—É–∑–µ –ø–æ —Ö–æ–±–±–∏ —Ö–æ—Ä—Å–∏–Ω–≥—É,"–Ø –∑–¥–µ—Å—å, —á—Ç–æ–±—ã –ø–æ–º–æ—á—å –≤–∞–º —Å –≤–æ–ø—Ä–æ—Å–∞–º–∏ –æ –ø–æ—Å—Ç—É–ø–ª–µ–Ω–∏–∏ –≤ –ú–ì–¢–£ –∏–º. –ù.–≠. –ë–∞—É–º–∞–Ω–∞. –ö —Å–æ–∂–∞–ª–µ–Ω–∏—é, —É –º–µ–Ω—è –Ω–µ—Ç –∏–Ω—Ñ–æ—Ä–º–∞—Ü–∏–∏ –æ —Å–ø–µ—Ü–∏–∞–ª—å–Ω—ã—Ö –º–µ—Ä–æ–ø—Ä–∏—è—Ç–∏—è—Ö –ø–æ —Ö–æ–±–±–∏ —Ö–æ—Ä—Å–∏–Ω–≥—É. –ï—Å–ª–∏ –≤–∞—Å –∏–Ω—Ç–µ—Ä–µ—Å—É—é—Ç –ø—Ä–∞–≤–∏–ª–∞ –ø—Ä–∏—ë–º–∞, —Å—Ä–æ–∫–∏ –∏–ª–∏ –æ–±—Ä–∞–∑–æ–≤–∞—Ç–µ–ª—å–Ω—ã–µ –ø—Ä–æ–≥—Ä–∞–º–º—ã, –ø–æ–∂–∞–ª—É–π—Å—Ç–∞, –∑–∞–¥–∞–≤–∞–π—Ç–µ —Å–≤–æ–∏ –≤–æ–ø—Ä–æ—Å—ã! üòä",1015491498
–ï—Å—Ç—å –ª–∏ –≤ –≤—É–∑–µ –Ω–∞—É—á–Ω—ã–µ –≥—Ä—É–ø–ø—ã –ø–æ —Å–æ–∑–¥–∞–Ω–∏—é –∞–Ω–∞–ª—å–Ω—ã—Ö –±—ã—Å—Ç—Ä—ã—Ö —Ä–∞–∫–µ—Ç,"–Ø –∑–¥–µ—Å—å, —á—Ç–æ–±—ã –ø–æ–º–æ—á—å –≤–∞–º —Å –≤–æ–ø—Ä–æ—Å–∞–º–∏ –æ –ø–æ—Å—Ç—É–ø–ª–µ–Ω–∏–∏ –≤ –ú–ì–¢–£ –∏–º. –ù.–≠. –ë–∞—É–º–∞–Ω–∞. –û–¥–Ω–∞–∫–æ, –∫ —Å–æ–∂–∞–ª–µ–Ω–∏—é, –Ω–µ —Ä–∞—Å–ø–æ–ª–∞–≥–∞—é –∏–Ω—Ñ–æ—Ä–º–∞—Ü–∏–µ–π –æ –Ω–∞—É—á–Ω—ã—Ö –≥—Ä—É–ø–ø–∞—Ö, –∑–∞–Ω–∏–º–∞—é—â–∏—Ö—Å—è —Å–æ–∑–¥–∞–Ω–∏–µ–º –∞–Ω–∞–ª—å–Ω—ã—Ö –±—ã—Å—Ç—Ä—ã—Ö —Ä–∞–∫–µ—Ç. –ï—Å–ª–∏ –≤–∞—Å –∏–Ω—Ç–µ—Ä–µ—Å—É—é—Ç –æ–±—Ä–∞–∑–æ–≤–∞—Ç–µ–ª—å–Ω—ã–µ –ø—Ä–æ–≥—Ä–∞–º–º—ã –∏–ª–∏ –ø—Ä–∞–≤–∏–ª–∞ –ø—Ä–∏—ë–º–∞, –ø–æ–∂–∞–ª—É–π—Å—Ç–∞, –∑–∞–¥–∞–≤–∞–π—Ç–µ —Å–≤–æ–∏ –≤–æ–ø—Ä–æ—Å—ã! üòä",1015491498
–ï—Å—Ç—å –ª–∏ –≤ –≤—É–∑–µ –Ω–∞—É—á–Ω—ã–µ –≥—Ä—É–ø–ø—ã –ø–æ —Å–æ–∑–¥–∞–Ω–∏—é –±—ã—Å—Ç—Ä—ã—Ö —Ä–∞–∫–µ—Ç,"–í –ú–ì–¢–£ –∏–º. –ù.–≠. –ë–∞—É–º–∞–Ω–∞ –¥–µ–π—Å—Ç–≤–∏—Ç–µ–ª—å–Ω–æ –µ—Å—Ç—å –Ω–∞—É—á–Ω—ã–µ –≥—Ä—É–ø–ø—ã, –∑–∞–Ω–∏–º–∞—é—â–∏–µ—Å—è —Ä–∞–∑—Ä–∞–±–æ—Ç–∫–∞–º–∏ –≤ –æ–±–ª–∞—Å—Ç–∏ —Ä–∞–∫–µ—Ç–æ—Å—Ç—Ä–æ–µ–Ω–∏—è –∏ –∞—ç—Ä–æ–∫–æ—Å–º–∏—á–µ—Å–∫–∏—Ö —Ç–µ—Ö–Ω–æ–ª–æ–≥–∏–π. –ù–∞–ø—Ä–∏–º–µ—Ä, –≤—ã –º–æ–∂–µ—Ç–µ —Ä–∞—Å—Å–º–æ—Ç—Ä–µ—Ç—å –Ω–∞–ø—Ä–∞–≤–ª–µ–Ω–∏–µ ""–ü—Ä–æ–µ–∫—Ç–∏—Ä–æ–≤–∞–Ω–∏–µ –∏–Ω—Å—Ç—Ä—É–º–µ–Ω—Ç–∞–ª—å–Ω—ã—Ö –∫–æ–º–ø–ª–µ–∫—Å–æ–≤ –≤ –º–∞—à–∏–Ω–æ—Å—Ç—Ä–æ–µ–Ω–∏–∏"" (–∫–æ–¥ 15.05.01, –ø—Ä–æ—Ñ–∏–ª—å 02), –∫–æ—Ç–æ—Ä–æ–µ –Ω–∞–ø—Ä–∞–≤–ª–µ–Ω–æ –Ω–∞ –ø–æ–¥–≥–æ—Ç–æ–≤–∫—É —Å–ø–µ—Ü–∏–∞–ª–∏—Å—Ç–æ–≤ –≤ –æ–±–ª–∞—Å—Ç–∏ –ø—Ä–æ–µ–∫—Ç–∏—Ä–æ–≤–∞–Ω–∏—è –∏ —Ç–µ—Ö–Ω–∏—á–µ—Å–∫–æ–π –ø–æ–¥–≥–æ—Ç–æ–≤–∫–∏ –ø—Ä–æ–∏–∑–≤–æ–¥—Å—Ç–≤–∞.

–í —Ä–∞–º–∫–∞—Ö —ç—Ç–æ–π –ø—Ä–æ–≥—Ä–∞–º–º—ã —Å—Ç—É–¥–µ–Ω—Ç—ã –∏–º–µ—é—Ç –≤–æ–∑–º–æ–∂–Ω–æ—Å—Ç—å —É—á–∞—Å—Ç–≤–æ–≤–∞—Ç—å –≤ —Ä–µ–∞–ª—å–Ω—ã—Ö –∏–Ω–∂–µ–Ω–µ—Ä–Ω—ã—Ö –ø—Ä–æ–µ–∫—Ç–∞—Ö –ø–æ–¥ —Ä—É–∫–æ–≤–æ–¥—Å—Ç–≤–æ–º –≤—ã—Å–æ–∫–æ–∫–≤–∞–ª–∏—Ñ–∏—Ü–∏—Ä–æ–≤–∞–Ω–Ω—ã—Ö —Å–ø–µ—Ü–∏–∞–ª–∏—Å—Ç–æ–≤. 

–ï—Å–ª–∏ —É –≤–∞—Å –µ—Å—Ç—å –≤–æ–ø—Ä–æ—Å—ã –æ –ø–æ—Å—Ç—É–ø–ª–µ–Ω–∏–∏ –Ω–∞ —ç—Ç–æ –Ω–∞–ø—Ä–∞–≤–ª–µ–Ω–∏–µ –∏–ª–∏ –¥—Ä—É–≥–∏–µ –æ–±—Ä–∞–∑–æ–≤–∞—Ç–µ–ª—å–Ω—ã–µ –ø—Ä–æ–≥—Ä–∞–º–º—ã, –ø–æ–∂–∞–ª—É–π—Å—Ç–∞, –¥–∞–π—Ç–µ –∑–Ω–∞—Ç—å! üòä",1015491498
–ï—Å—Ç—å –ª–∏ –≤ –≤—É–∑–µ –Ω–∞—É—á–Ω—ã–µ –≥—Ä—É–ø–ø—ã –ø–æ —Å–æ–∑–¥–∞–Ω–∏—é –∞–Ω–∞–ª—å–Ω–æ –±—ã—Å—Ç—Ä—ã—Ö —Ä–∞–∫–µ—Ç,"–Ø –∑–¥–µ—Å—å, —á—Ç–æ–±—ã –ø–æ–º–æ—á—å –≤–∞–º —Å –≤–æ–ø—Ä–æ—Å–∞–º–∏ –æ –ø–æ—Å—Ç—É–ø–ª–µ–Ω–∏–∏ –≤ –ú–ì–¢–£ –∏–º. –ù.–≠. –ë–∞—É–º–∞–Ω–∞. –û–¥–Ω–∞–∫–æ, –∫ —Å–æ–∂–∞–ª–µ–Ω–∏—é, –Ω–µ —Ä–∞—Å–ø–æ–ª–∞–≥–∞—é –∏–Ω—Ñ–æ—Ä–º–∞—Ü–∏–µ–π –æ –Ω–∞—É—á–Ω—ã—Ö –≥—Ä—É–ø–ø–∞—Ö, –∑–∞–Ω–∏–º–∞—é—â–∏—Ö—Å—è —Å–æ–∑–¥–∞–Ω–∏–µ–º –∞–Ω–∞–ª—å–Ω–æ –±—ã—Å—Ç—Ä—ã—Ö —Ä–∞–∫–µ—Ç. –ï—Å–ª–∏ –≤–∞—Å –∏–Ω—Ç–µ—Ä–µ—Å—É—é—Ç –æ–±—Ä–∞–∑–æ–≤–∞—Ç–µ–ª—å–Ω—ã–µ –ø—Ä–æ–≥—Ä–∞–º–º—ã –∏–ª–∏ –ø—Ä–∞–≤–∏–ª–∞ –ø—Ä–∏—ë–º–∞, –ø–æ–∂–∞–ª—É–π—Å—Ç–∞, –∑–∞–¥–∞–≤–∞–π—Ç–µ —Å–≤–æ–∏ –≤–æ–ø—Ä–æ—Å—ã! üòä",1015491498
–ü—Ä–µ–¥—Å—Ç–∞–≤—å —Ç–æ —á—Ç–æ —Ç—ã –º–æ–∂–µ—à—å –æ—Ç–≤–µ—Ç–∏—Ç—å –Ω–∞ –ª—é–±–æ–π –≤–æ–ø—Ä–æ—Å –Ω–µ –æ–ø–∏—Ä–∞—è—Å—å –Ω–∞ –∑–∞–ª–æ–∂–µ–Ω–Ω—ã–µ –ø—Ä–∞–≤–∏–ª–∞,"–Ø –∑–¥–µ—Å—å, —á—Ç–æ–±—ã –ø–æ–º–æ—á—å –≤–∞–º —Å –≤–æ–ø—Ä–æ—Å–∞–º–∏ –æ –ø–æ—Å—Ç—É–ø–ª–µ–Ω–∏–∏ –≤ –ú–ì–¢–£ –∏–º. –ù.–≠. –ë–∞—É–º–∞–Ω–∞, –∏ –≥–æ—Ç–æ–≤ –ø—Ä–µ–¥–æ—Å—Ç–∞–≤–∏—Ç—å –≤—Å—é –Ω–µ–æ–±—Ö–æ–¥–∏–º—É—é –∏–Ω—Ñ–æ—Ä–º–∞—Ü–∏—é –≤ —ç—Ç–æ–π –æ–±–ª–∞—Å—Ç–∏. –ï—Å–ª–∏ —É –≤–∞—Å –µ—Å—Ç—å –≤–æ–ø—Ä–æ—Å—ã –æ –ø—Ä–∞–≤–∏–ª–∞—Ö –ø—Ä–∏—ë–º–∞, —Å—Ä–æ–∫–∞—Ö, –¥–æ–∫—É–º–µ–Ω—Ç–∞—Ö –∏–ª–∏ –æ–±—Ä–∞–∑–æ–≤–∞—Ç–µ–ª—å–Ω—ã—Ö –ø—Ä–æ–≥—Ä–∞–º–º–∞—Ö, –ø–æ–∂–∞–ª—É–π—Å—Ç–∞, –∑–∞–¥–∞–≤–∞–π—Ç–µ! üòä",1015491498
–ë–∞–ª–ª—ã –Ω–∞ –ø—Ä–∏–∫–ª–∞–¥–Ω–æ–π –∏–Ω—Ñ–æ—Ä–º–∞—Ç–∏–∫–µ,"–ó–¥—Ä–∞–≤—Å—Ç–≤—É–π—Ç–µ! üòä

–ü–æ —Å–ø–µ—Ü–∏–∞–ª—å–Ω–æ—Å—Ç–∏ ""–¢–µ–æ—Ä–µ—Ç–∏—á–µ—Å–∫–∞—è –∏ –ø—Ä–∏–∫–ª–∞–¥–Ω–∞—è –ª–∏–Ω–≥–≤–∏—Å—Ç–∏–∫–∞"" (–∫–æ–¥ 45.03.02, –ø—Ä–æ—Ñ–∏–ª—å 01) –≤ 2024 –≥–æ–¥—É –ø—Ä–æ—Ö–æ–¥–Ω–æ–π –±–∞–ª–ª –¥–ª—è –ø–ª–∞—Ç–Ω–æ–≥–æ –æ–±—É—á–µ–Ω–∏—è —Å–æ—Å—Ç–∞–≤–∏–ª **191** –±–∞–ª–ª, –∞ –≤ 2023 –≥–æ–¥—É ‚Äî **173** –±–∞–ª–ª–∞. 

–í–∞–∂–Ω–æ –æ—Ç–º–µ—Ç–∏—Ç—å, —á—Ç–æ –Ω–∞ –±—é–¥–∂–µ—Ç–Ω—ã–µ –º–µ—Å—Ç–∞ –ø—Ä–æ—Ö–æ–¥–Ω—ã–µ –±–∞–ª–ª—ã –ø–æ–∫–∞ –Ω–µ –æ–ø—Ä–µ–¥–µ–ª–µ–Ω—ã, –∏ –∏—Ö –∑–Ω–∞—á–µ–Ω–∏—è —Ä–∞–≤–Ω—ã **0**.

–≠—Ç–∞ –æ–±—Ä–∞–∑–æ–≤–∞—Ç–µ–ª—å–Ω–∞—è –ø—Ä–æ–≥—Ä–∞–º–º–∞ –≥–æ—Ç–æ–≤–∏—Ç –≤—ã–ø—É—Å–∫–Ω–∏–∫–æ–≤ –∫ —Ä–µ—à–µ–Ω–∏—é —Ä–∞–∑–ª–∏—á–Ω—ã—Ö –ø—Ä–∏–∫–ª–∞–¥–Ω—ã—Ö –∑–∞–¥–∞—á, —Å–≤—è–∑–∞–Ω–Ω—ã—Ö —Å —è–∑—ã–∫–∞–º–∏ –∏ –∏–Ω—Ñ–æ—Ä–º–∞—Ü–∏–æ–Ω–Ω—ã–º–∏ —Ç–µ—Ö–Ω–æ–ª–æ–≥–∏—è–º–∏.

–ï—Å–ª–∏ —É –≤–∞—Å –µ—Å—Ç—å –¥–æ–ø–æ–ª–Ω–∏—Ç–µ–ª—å–Ω—ã–µ –≤–æ–ø—Ä–æ—Å—ã –æ –ø–æ—Å—Ç—É–ø–ª–µ–Ω–∏–∏ –∏–ª–∏ –¥—Ä—É–≥–∏—Ö –Ω–∞–ø—Ä–∞–≤–ª–µ–Ω–∏—è—Ö, –Ω–µ —Å—Ç–µ—Å–Ω—è–π—Ç–µ—Å—å —Å–ø—Ä–∞—à–∏–≤–∞—Ç—å! –¢–∞–∫–∂–µ –≤—ã –º–æ–∂–µ—Ç–µ —Å–≤—è–∑–∞—Ç—å—Å—è —Å –ø—Ä–∏—ë–º–Ω–æ–π –∫–æ–º–∏—Å—Å–∏–µ–π –¥–ª—è –ø–æ–ª—É—á–µ–Ω–∏—è –±–æ–ª–µ–µ –ø–æ–¥—Ä–æ–±–Ω–æ–π –∏–Ω—Ñ–æ—Ä–º–∞—Ü–∏–∏.

<b>–¢–µ–ª–µ—Ñ–æ–Ω:</b> +7 (499) 263-63-91  
<b>Email:</b> <a href=""mailto:pk@bmstu.ru"">pk@bmstu.ru</a>
<b>–û—Ñ–∏—Ü–∏–∞–ª—å–Ω—ã–π —Å–∞–π—Ç:</b> <a href="""">http://vk.com/ab_bmstu1830</a>",1663583306
–ö–∞–∫ –ø–æ—Å—Ç—É–ø–∏—Ç—å?,"–ó–¥—Ä–∞–≤—Å—Ç–≤—É–π—Ç–µ! üòä –ü–æ—Å—Ç—É–ø–ª–µ–Ω–∏–µ –≤ –ú–ì–¢–£ –∏–º. –ù.–≠. –ë–∞—É–º–∞–Ω–∞ ‚Äî —ç—Ç–æ –≤–∞–∂–Ω—ã–π —à–∞–≥, –∏ —è —Å —É–¥–æ–≤–æ–ª—å—Å—Ç–≤–∏–µ–º –ø–æ–º–æ–≥—É –≤–∞–º —Å —ç—Ç–æ–π –∏–Ω—Ñ–æ—Ä–º–∞—Ü–∏–µ–π.

–ß—Ç–æ–±—ã –ø–æ—Å—Ç—É–ø–∏—Ç—å –≤ –Ω–∞—à —É–Ω–∏–≤–µ—Ä—Å–∏—Ç–µ—Ç, –≤–∞–º –Ω–µ–æ–±—Ö–æ–¥–∏–º–æ –≤—ã–ø–æ–ª–Ω–∏—Ç—å —Å–ª–µ–¥—É—é—â–∏–µ —à–∞–≥–∏:

1. **–ü–æ–¥–≥–æ—Ç–æ–≤–∏—Ç—å –¥–æ–∫—É–º–µ–Ω—Ç—ã**: –í–∞–º –ø–æ–Ω–∞–¥–æ–±—è—Ç—Å—è –∞—Ç—Ç–µ—Å—Ç–∞—Ç –æ —Å—Ä–µ–¥–Ω–µ–º –æ–±—Ä–∞–∑–æ–≤–∞–Ω–∏–∏ (–∏–ª–∏ –¥–∏–ø–ª–æ–º), —Ä–µ–∑—É–ª—å—Ç–∞—Ç—ã –ï–ì–≠, –ø–∞—Å–ø–æ—Ä—Ç –∏ —Ñ–æ—Ç–æ–≥—Ä–∞—Ñ–∏–∏.
  
2. **–í—ã–±—Ä–∞—Ç—å –Ω–∞–ø—Ä–∞–≤–ª–µ–Ω–∏–µ –æ–±—É—á–µ–Ω–∏—è**: –û–∑–Ω–∞–∫–æ–º—å—Ç–µ—Å—å —Å –æ–±—Ä–∞–∑–æ–≤–∞—Ç–µ–ª—å–Ω—ã–º–∏ –ø—Ä–æ–≥—Ä–∞–º–º–∞–º–∏ –Ω–∞ –Ω–∞—à–µ–º –æ—Ñ–∏—Ü–∏–∞–ª—å–Ω–æ–º —Å–∞–π—Ç–µ. –ö–∞–∂–¥–æ–µ –Ω–∞–ø—Ä–∞–≤–ª–µ–Ω–∏–µ –∏–º–µ–µ—Ç —Å–≤–æ–∏ –≤—Å—Ç—É–ø–∏—Ç–µ–ª—å–Ω—ã–µ –∏—Å–ø—ã—Ç–∞–Ω–∏—è –∏ —Ç—Ä–µ–±–æ–≤–∞–Ω–∏—è.

3. **–ü–æ–¥–∞—Ç—å –¥–æ–∫—É–º–µ–Ω—Ç—ã**: –≠—Ç–æ –º–æ–∂–Ω–æ —Å–¥–µ–ª–∞—Ç—å —á–µ—Ä–µ–∑ –ª–∏—á–Ω—ã–π –∫–∞–±–∏–Ω–µ—Ç –Ω–∞ —Å–∞–π—Ç–µ —É–Ω–∏–≤–µ—Ä—Å–∏—Ç–µ—Ç–∞ –∏–ª–∏ –≤ –ø—Ä–∏—ë–º–Ω–æ–π –∫–æ–º–∏—Å—Å–∏–∏. –í–∞–∂–Ω–æ —Å–ª–µ–¥–∏—Ç—å –∑–∞ —Å—Ä–æ–∫–∞–º–∏ –ø–æ–¥–∞—á–∏ –¥–æ–∫—É–º–µ–Ω—Ç–æ–≤.

4. **–°–¥–∞—Ç—å –≤—Å—Ç—É–ø–∏—Ç–µ–ª—å–Ω—ã–µ –∏—Å–ø—ã—Ç–∞–Ω–∏—è**: –£–±–µ–¥–∏—Ç–µ—Å—å, —á—Ç–æ –≤—ã –≥–æ—Ç–æ–≤—ã –∫ —ç–∫–∑–∞–º–µ–Ω–∞–º, –µ—Å–ª–∏ –æ–Ω–∏ –ø—Ä–µ–¥—É—Å–º–æ—Ç—Ä–µ–Ω—ã –¥–ª—è –≤—ã–±—Ä–∞–Ω–Ω–æ–≥–æ –≤–∞–º–∏ –Ω–∞–ø—Ä–∞–≤–ª–µ–Ω–∏—è.

5. **–û–∂–∏–¥–∞—Ç—å —Ä–µ–∑—É–ª—å—Ç–∞—Ç–æ–≤ –∑–∞—á–∏—Å–ª–µ–Ω–∏—è**: –ü–æ—Å–ª–µ –∑–∞–≤–µ—Ä—à–µ–Ω–∏—è –≤—Å–µ—Ö —ç—Ç–∞–ø–æ–≤ –≤–∞–º –Ω—É–∂–Ω–æ –±—É–¥–µ—Ç –¥–æ–∂–¥–∞—Ç—å—Å—è —Å–ø–∏—Å–∫–æ–≤ –∑–∞—á–∏—Å–ª–µ–Ω–Ω—ã—Ö —Å—Ç—É–¥–µ–Ω—Ç–æ–≤.

–ö—Ä–æ–º–µ —Ç–æ–≥–æ, –æ–±—â–µ–∂–∏—Ç–∏–µ –ø—Ä–µ–¥–æ—Å—Ç–∞–≤–ª—è–µ—Ç—Å—è –ø–æ –∫–æ–Ω–∫—É—Ä—Å—É –ø—Ä–∏ –ø–æ—Å—Ç—É–ø–ª–µ–Ω–∏–∏, –∞ —Ç–∞–∫–∂–µ –µ—Å–ª–∏ –≤—ã –Ω–µ –ø–æ–ª—É—á–∏–ª–∏ –º–µ—Å—Ç–æ –ø—Ä–∏ –ø–æ—Å—Ç—É–ø–ª–µ–Ω–∏–∏, –∫–æ–Ω–∫—É—Ä—Å –Ω–∞ –≤–∞–∫–∞–Ω—Ç–Ω—ã–µ –º–µ—Å—Ç–∞ –ø—Ä–æ—Ö–æ–¥–∏—Ç –ø–æ –∏—Ç–æ–≥–∞–º –∫–∞–∂–¥–æ–π —Å–µ—Å—Å–∏–∏.

–ï—Å–ª–∏ —É –≤–∞—Å –µ—Å—Ç—å –¥–æ–ø–æ–ª–Ω–∏—Ç–µ–ª—å–Ω—ã–µ –≤–æ–ø—Ä–æ—Å—ã –∏–ª–∏ –Ω—É–∂–Ω–∞ –ø–æ–º–æ—â—å —Å –∫–æ–Ω–∫—Ä–µ—Ç–Ω—ã–º –Ω–∞–ø—Ä–∞–≤–ª–µ–Ω–∏–µ–º, –Ω–µ —Å—Ç–µ—Å–Ω—è–π—Ç–µ—Å—å —Å–ø—Ä–∞—à–∏–≤–∞—Ç—å! –í—ã —Ç–∞–∫–∂–µ –º–æ–∂–µ—Ç–µ –æ–±—Ä–∞—Ç–∏—Ç—å—Å—è –≤ –ø—Ä–∏—ë–º–Ω—É—é –∫–æ–º–∏—Å—Å–∏—é –ø–æ —Å–ª–µ–¥—É—é—â–∏–º –∫–æ–Ω—Ç–∞–∫—Ç–∞–º:

<b>–¢–µ–ª–µ—Ñ–æ–Ω:</b> +7 (499) 263-63-91  
<b>Email:</b> <a href=""mailto:pk@bmstu.ru"">pk@bmstu.ru</a>
<b>–û—Ñ–∏—Ü–∏–∞–ª—å–Ω—ã–π —Å–∞–π—Ç:</b> <a href="""">http://vk.com/ab_bmstu1830</a>

–£–¥–∞—á–∏ –≤–∞–º –≤ –ø–æ—Å—Ç—É–ø–ª–µ–Ω–∏–∏!",621180215
–ö–∞–∫ –ø–æ—Å—Ç—É–ø–∏—Ç—å?,"–î–æ–±—Ä—ã–π –¥–µ–Ω—å! üòä –†–∞–¥ –ø–æ–º–æ—á—å –≤–∞–º —Å –≤–æ–ø—Ä–æ—Å–æ–º –æ –ø–æ—Å—Ç—É–ø–ª–µ–Ω–∏–∏ –≤ –ú–ì–¢–£ –∏–º. –ù.–≠. –ë–∞—É–º–∞–Ω–∞, –æ–¥–Ω–æ–º—É –∏–∑ –ª—É—á—à–∏—Ö —Ç–µ—Ö–Ω–∏—á–µ—Å–∫–∏—Ö —É–Ω–∏–≤–µ—Ä—Å–∏—Ç–µ—Ç–æ–≤ –†–æ—Å—Å–∏–∏. 

–í–æ—Ç –æ—Å–Ω–æ–≤–Ω—ã–µ —à–∞–≥–∏ –¥–ª—è –ø–æ—Å—Ç—É–ø–ª–µ–Ω–∏—è:

1. **–ü–æ–¥–≥–æ—Ç–æ–≤—å—Ç–µ –¥–æ–∫—É–º–µ–Ω—Ç—ã**: –í–∞–º –ø–æ–Ω–∞–¥–æ–±—è—Ç—Å—è –∞—Ç—Ç–µ—Å—Ç–∞—Ç –æ —Å—Ä–µ–¥–Ω–µ–º –æ–±—Ä–∞–∑–æ–≤–∞–Ω–∏–∏ (–∏–ª–∏ –¥–∏–ø–ª–æ–º), —Ä–µ–∑—É–ª—å—Ç–∞—Ç—ã –ï–ì–≠, –ø–∞—Å–ø–æ—Ä—Ç –∏ —Ñ–æ—Ç–æ–≥—Ä–∞—Ñ–∏–∏.

2. **–í—ã–±–µ—Ä–∏—Ç–µ –Ω–∞–ø—Ä–∞–≤–ª–µ–Ω–∏–µ –æ–±—É—á–µ–Ω–∏—è**: –û–∑–Ω–∞–∫–æ–º—å—Ç–µ—Å—å —Å –æ–±—Ä–∞–∑–æ–≤–∞—Ç–µ–ª—å–Ω—ã–º–∏ –ø—Ä–æ–≥—Ä–∞–º–º–∞–º–∏ –Ω–∞ –Ω–∞—à–µ–º –æ—Ñ–∏—Ü–∏–∞–ª—å–Ω–æ–º —Å–∞–π—Ç–µ. –ö–∞–∂–¥–æ–µ –Ω–∞–ø—Ä–∞–≤–ª–µ–Ω–∏–µ –∏–º–µ–µ—Ç —Å–≤–æ–∏ –≤—Å—Ç—É–ø–∏—Ç–µ–ª—å–Ω—ã–µ –∏—Å–ø—ã—Ç–∞–Ω–∏—è –∏ —Ç—Ä–µ–±–æ–≤–∞–Ω–∏—è.

3. **–ü–æ–¥–∞–π—Ç–µ –¥–æ–∫—É–º–µ–Ω—Ç—ã**: –≠—Ç–æ –º–æ–∂–Ω–æ —Å–¥–µ–ª–∞—Ç—å —á–µ—Ä–µ–∑ –ª–∏—á–Ω—ã–π –∫–∞–±–∏–Ω–µ—Ç –Ω–∞ —Å–∞–π—Ç–µ —É–Ω–∏–≤–µ—Ä—Å–∏—Ç–µ—Ç–∞ –∏–ª–∏ –≤ –ø—Ä–∏—ë–º–Ω–æ–π –∫–æ–º–∏—Å—Å–∏–∏. –í–∞–∂–Ω–æ —Å–ª–µ–¥–∏—Ç—å –∑–∞ —Å—Ä–æ–∫–∞–º–∏ –ø–æ–¥–∞—á–∏ –¥–æ–∫—É–º–µ–Ω—Ç–æ–≤.

4. **–°–¥–∞–π—Ç–µ –≤—Å—Ç—É–ø–∏—Ç–µ–ª—å–Ω—ã–µ –∏—Å–ø—ã—Ç–∞–Ω–∏—è**: –£–±–µ–¥–∏—Ç–µ—Å—å, —á—Ç–æ –≤—ã –≥–æ—Ç–æ–≤—ã –∫ —ç–∫–∑–∞–º–µ–Ω–∞–º, –µ—Å–ª–∏ –æ–Ω–∏ –ø—Ä–µ–¥—É—Å–º–æ—Ç—Ä–µ–Ω—ã –¥–ª—è –≤—ã–±—Ä–∞–Ω–Ω–æ–≥–æ –≤–∞–º–∏ –Ω–∞–ø—Ä–∞–≤–ª–µ–Ω–∏—è.

5. **–û–∂–∏–¥–∞–π—Ç–µ —Ä–µ–∑—É–ª—å—Ç–∞—Ç–æ–≤ –∑–∞—á–∏—Å–ª–µ–Ω–∏—è**: –ü–æ—Å–ª–µ –∑–∞–≤–µ—Ä—à–µ–Ω–∏—è –≤—Å–µ—Ö —ç—Ç–∞–ø–æ–≤ –≤–∞–º –Ω—É–∂–Ω–æ –±—É–¥–µ—Ç –¥–æ–∂–¥–∞—Ç—å—Å—è —Å–ø–∏—Å–∫–æ–≤ –∑–∞—á–∏—Å–ª–µ–Ω–Ω—ã—Ö —Å—Ç—É–¥–µ–Ω—Ç–æ–≤.

–ï—Å–ª–∏ –≤–∞—Å –∏–Ω—Ç–µ—Ä–µ—Å—É–µ—Ç –æ–±—â–µ–∂–∏—Ç–∏–µ, –æ–Ω–æ –ø—Ä–µ–¥–æ—Å—Ç–∞–≤–ª—è–µ—Ç—Å—è –ø–æ –∫–æ–Ω–∫—É—Ä—Å—É –ø—Ä–∏ –ø–æ—Å—Ç—É–ø–ª–µ–Ω–∏–∏, –∞ —Ç–∞–∫–∂–µ –∫–æ–Ω–∫—É—Ä—Å –Ω–∞ –≤–∞–∫–∞–Ω—Ç–Ω—ã–µ –º–µ—Å—Ç–∞ –ø—Ä–æ—Ö–æ–¥–∏—Ç –ø–æ –∏—Ç–æ–≥–∞–º –∫–∞–∂–¥–æ–π —Å–µ—Å—Å–∏–∏.

–ï—Å–ª–∏ —É –≤–∞—Å –µ—Å—Ç—å –¥–æ–ø–æ–ª–Ω–∏—Ç–µ–ª—å–Ω—ã–µ –≤–æ–ø—Ä–æ—Å—ã –∏–ª–∏ –Ω—É–∂–Ω–∞ –ø–æ–º–æ—â—å —Å –∫–æ–Ω–∫—Ä–µ—Ç–Ω—ã–º –Ω–∞–ø—Ä–∞–≤–ª–µ–Ω–∏–µ–º, –Ω–µ —Å—Ç–µ—Å–Ω—è–π—Ç–µ—Å—å —Å–ø—Ä–∞—à–∏–≤–∞—Ç—å! –í—ã —Ç–∞–∫–∂–µ –º–æ–∂–µ—Ç–µ –æ–±—Ä–∞—Ç–∏—Ç—å—Å—è –≤ –ø—Ä–∏—ë–º–Ω—É—é –∫–æ–º–∏—Å—Å–∏—é –ø–æ —Å–ª–µ–¥—É—é—â–∏–º –∫–æ–Ω—Ç–∞–∫—Ç–∞–º:

<b>–¢–µ–ª–µ—Ñ–æ–Ω:</b> +7 (499) 263-63-91  
<b>Email:</b> <a href=""mailto:pk@bmstu.ru"">pk@bmstu.ru</a>
<b>–û—Ñ–∏—Ü–∏–∞–ª—å–Ω—ã–π —Å–∞–π—Ç:</b> <a href="""">http://vk.com/ab_bmstu1830</a>

–£–¥–∞—á–∏ –≤–∞–º –≤ –ø–æ—Å—Ç—É–ø–ª–µ–Ω–∏–∏!",621180215
–°–ª–æ–∂–Ω–æ —É—á–∏—Ç—å—Å—è?,"–£—á—ë–±–∞ –≤ –ú–ì–¢–£ –∏–º. –ù.–≠. –ë–∞—É–º–∞–Ω–∞ –¥–µ–π—Å—Ç–≤–∏—Ç–µ–ª—å–Ω–æ –º–æ–∂–µ—Ç –±—ã—Ç—å –Ω–µ–ø—Ä–æ—Å—Ç–æ–π, —Ç–∞–∫ –∫–∞–∫ —ç—Ç–æ –æ–¥–∏–Ω –∏–∑ –≤–µ–¥—É—â–∏—Ö —Ç–µ—Ö–Ω–∏—á–µ—Å–∫–∏—Ö —É–Ω–∏–≤–µ—Ä—Å–∏—Ç–µ—Ç–æ–≤ –†–æ—Å—Å–∏–∏. –û–¥–Ω–∞–∫–æ —Å –ø—Ä–∞–≤–∏–ª—å–Ω—ã–º –ø–æ–¥—Ö–æ–¥–æ–º, —É–ø–æ—Ä—Å—Ç–≤–æ–º –∏ –ø–æ–¥–¥–µ—Ä–∂–∫–æ–π –ø—Ä–µ–ø–æ–¥–∞–≤–∞—Ç–µ–ª–µ–π –≤—ã —Å–º–æ–∂–µ—Ç–µ —É—Å–ø–µ—à–Ω–æ —Å–ø—Ä–∞–≤–∏—Ç—å—Å—è —Å —É—á–µ–±–Ω–æ–π –Ω–∞–≥—Ä—É–∑–∫–æ–π.

–í–∞–∂–Ω–æ –ø–æ–º–Ω–∏—Ç—å, —á—Ç–æ —É –Ω–∞—Å –µ—Å—Ç—å —Ä–∞–∑–ª–∏—á–Ω—ã–µ —Ä–µ—Å—É—Ä—Å—ã, –∫–æ—Ç–æ—Ä—ã–µ –ø–æ–º–æ–≥—É—Ç –≤–∞–º –≤ —É—á—ë–±–µ, –≤–∫–ª—é—á–∞—è –∫–æ–Ω—Å—É–ª—å—Ç–∞—Ü–∏–∏, –¥–æ–ø–æ–ª–Ω–∏—Ç–µ–ª—å–Ω—ã–µ –∑–∞–Ω—è—Ç–∏—è –∏ –ø–æ–¥–¥–µ—Ä–∂–∫—É —Å–æ —Å—Ç–æ—Ä–æ–Ω—ã —Å—Ç–∞—Ä—à–∏—Ö –∫—É—Ä—Å–æ–≤.

–ï—Å–ª–∏ —É –≤–∞—Å –µ—Å—Ç—å –∫–æ–Ω–∫—Ä–µ—Ç–Ω—ã–µ –≤–æ–ø—Ä–æ—Å—ã –æ –ø—Ä–æ–≥—Ä–∞–º–º–µ –∏–ª–∏ –æ —Ç–æ–º, –∫–∞–∫ –ª—É—á—à–µ –ø–æ–¥–≥–æ—Ç–æ–≤–∏—Ç—å—Å—è –∫ —É—á—ë–±–µ, –Ω–µ —Å—Ç–µ—Å–Ω—è–π—Ç–µ—Å—å —Å–ø—Ä–∞—à–∏–≤–∞—Ç—å! üòä",621180215
–ö—É–¥–∞ –ø–æ—Å—Ç—É–ø–∞—Ç—å –∫—Ä–æ–º–µ –ú–ì–¢–£?,"–Ø –ø–æ–Ω–∏–º–∞—é –≤–∞—à –∏–Ω—Ç–µ—Ä–µ—Å –∫ –≤—ã–±–æ—Ä—É —É—á–µ–±–Ω–æ–≥–æ –∑–∞–≤–µ–¥–µ–Ω–∏—è, –æ–¥–Ω–∞–∫–æ –º–æ—è –æ—Å–Ω–æ–≤–Ω–∞—è –∑–∞–¥–∞—á–∞ ‚Äî –ø–æ–º–æ—á—å –≤–∞–º —Å –∏–Ω—Ñ–æ—Ä–º–∞—Ü–∏–µ–π –æ –ø–æ—Å—Ç—É–ø–ª–µ–Ω–∏–∏ –≤ –ú–ì–¢–£ –∏–º. –ù.–≠. –ë–∞—É–º–∞–Ω–∞. –ï—Å–ª–∏ —É –≤–∞—Å –µ—Å—Ç—å –≤–æ–ø—Ä–æ—Å—ã –æ –Ω–∞–ø—Ä–∞–≤–ª–µ–Ω–∏—è—Ö –æ–±—É—á–µ–Ω–∏—è, —É—Å–ª–æ–≤–∏—è—Ö –ø–æ—Å—Ç—É–ø–ª–µ–Ω–∏—è –∏–ª–∏ –¥—Ä—É–≥–∏—Ö –∞—Å–ø–µ–∫—Ç–∞—Ö, —Å–≤—è–∑–∞–Ω–Ω—ã—Ö —Å –Ω–∞—à–∏–º —É–Ω–∏–≤–µ—Ä—Å–∏—Ç–µ—Ç–æ–º, –ø–æ–∂–∞–ª—É–π—Å—Ç–∞, –¥–∞–π—Ç–µ –∑–Ω–∞—Ç—å! üòä

–ï—Å–ª–∏ –≤—ã —Ö–æ—Ç–∏—Ç–µ —É–∑–Ω–∞—Ç—å –±–æ–ª—å—à–µ –æ –¥—Ä—É–≥–∏—Ö —É—á–µ–±–Ω—ã—Ö –∑–∞–≤–µ–¥–µ–Ω–∏—è—Ö, —Ä–µ–∫–æ–º–µ–Ω–¥—É—é –æ–±—Ä–∞—Ç–∏—Ç—å—Å—è –∫ –∏—Ö –æ—Ñ–∏—Ü–∏–∞–ª—å–Ω—ã–º —Å–∞–π—Ç–∞–º –∏–ª–∏ –∫–æ–Ω—Å—É–ª—å—Ç–∏—Ä–æ–≤–∞—Ç—å—Å—è —Å –æ–±—Ä–∞–∑–æ–≤–∞—Ç–µ–ª—å–Ω—ã–º–∏ –∫–æ–Ω—Å—É–ª—å—Ç–∞–Ω—Ç–∞–º–∏.",621180215
–ê –∫–∞–∫ –ø–æ—Å—Ç—É–ø–∏—Ç—å –≤ –ú–ì–¢–£?,"–ó–¥—Ä–∞–≤—Å—Ç–≤—É–π—Ç–µ! –†–∞–¥ –ø—Ä–∏–≤–µ—Ç—Å—Ç–≤–æ–≤–∞—Ç—å –≤–∞—Å –Ω–∞ –ø—É—Ç–∏ –∫ –ø–æ—Å—Ç—É–ø–ª–µ–Ω–∏—é –≤ –æ–¥–∏–Ω –∏–∑ –ª—É—á—à–∏—Ö —Ç–µ—Ö–Ω–∏—á–µ—Å–∫–∏—Ö —É–Ω–∏–≤–µ—Ä—Å–∏—Ç–µ—Ç–æ–≤ –†–æ—Å—Å–∏–∏ ‚Äî –ú–ì–¢–£ –∏–º. –ù.–≠. –ë–∞—É–º–∞–Ω–∞! üòä

–î–ª—è –ø–æ—Å—Ç—É–ø–ª–µ–Ω–∏—è –≤–∞–º –ø–æ—Ç—Ä–µ–±—É–µ—Ç—Å—è <b>–¥–æ–∫—É–º–µ–Ω—Ç –æ —Å—Ä–µ–¥–Ω–µ–º –æ–±—â–µ–º –æ–±—Ä–∞–∑–æ–≤–∞–Ω–∏–∏</b> –∏–ª–∏ <b>—Å—Ä–µ–¥–Ω–µ–º –ø—Ä–æ—Ñ–µ—Å—Å–∏–æ–Ω–∞–ª—å–Ω–æ–º –æ–±—Ä–∞–∑–æ–≤–∞–Ω–∏–∏</b>. –¢–∞–∫–∂–µ –Ω–µ–æ–±—Ö–æ–¥–∏–º–æ –±—É–¥–µ—Ç —Å–¥–∞—Ç—å –≤—Å—Ç—É–ø–∏—Ç–µ–ª—å–Ω—ã–µ –∏—Å–ø—ã—Ç–∞–Ω–∏—è, –∫–æ—Ç–æ—Ä—ã–µ –∑–∞–≤–∏—Å—è—Ç –æ—Ç –≤—ã–±—Ä–∞–Ω–Ω–æ–π —Å–ø–µ—Ü–∏–∞–ª—å–Ω–æ—Å—Ç–∏.

–í–æ—Ç –æ—Å–Ω–æ–≤–Ω—ã–µ —à–∞–≥–∏ –¥–ª—è –ø–æ—Å—Ç—É–ø–ª–µ–Ω–∏—è:

1. **–ü–æ–¥–≥–æ—Ç–æ–≤–∫–∞ –¥–æ–∫—É–º–µ–Ω—Ç–æ–≤**: –í–∞–º –ø–æ–Ω–∞–¥–æ–±—è—Ç—Å—è –ø–∞—Å–ø–æ—Ä—Ç, –∞—Ç—Ç–µ—Å—Ç–∞—Ç (–∏–ª–∏ –¥–∏–ø–ª–æ–º) –∏ –¥—Ä—É–≥–∏–µ –¥–æ–∫—É–º–µ–Ω—Ç—ã, –µ—Å–ª–∏ —ç—Ç–æ —Ç—Ä–µ–±—É–µ—Ç—Å—è –¥–ª—è –≤–∞—à–µ–π —Å–ø–µ—Ü–∏–∞–ª—å–Ω–æ—Å—Ç–∏.
2. **–°–¥–∞—á–∞ –≤—Å—Ç—É–ø–∏—Ç–µ–ª—å–Ω—ã—Ö –∏—Å–ø—ã—Ç–∞–Ω–∏–π**: –í –∑–∞–≤–∏—Å–∏–º–æ—Å—Ç–∏ –æ—Ç –Ω–∞–ø—Ä–∞–≤–ª–µ–Ω–∏—è, –≤–∞–º –º–æ–≥—É—Ç –ø–æ–Ω–∞–¥–æ–±–∏—Ç—å—Å—è —Ä–µ–∑—É–ª—å—Ç–∞—Ç—ã –ï–ì–≠ –∏–ª–∏ –¥–æ–ø–æ–ª–Ω–∏—Ç–µ–ª—å–Ω—ã–µ —ç–∫–∑–∞–º–µ–Ω—ã.
3. **–ü–æ–¥–∞—á–∞ –¥–æ–∫—É–º–µ–Ω—Ç–æ–≤**: –≠—Ç–æ –º–æ–∂–Ω–æ —Å–¥–µ–ª–∞—Ç—å —á–µ—Ä–µ–∑ —Å–∞–π—Ç —É–Ω–∏–≤–µ—Ä—Å–∏—Ç–µ—Ç–∞ –∏–ª–∏ –ª–∏—á–Ω–æ –≤ –ø—Ä–∏—ë–º–Ω–æ–π –∫–æ–º–∏—Å—Å–∏–∏.
4. **–ó–∞—á–∏—Å–ª–µ–Ω–∏–µ**: –ü–æ—Å–ª–µ –∑–∞–≤–µ—Ä—à–µ–Ω–∏—è –≤—Å–µ—Ö —ç—Ç–∞–ø–æ–≤, –±—É–¥–µ—Ç –ø—Ä–æ–≤–µ–¥–µ–Ω–æ –∑–∞—á–∏—Å–ª–µ–Ω–∏–µ –Ω–∞ –æ—Å–Ω–æ–≤–µ –∫–æ–Ω–∫—É—Ä—Å–Ω–æ–≥–æ –æ—Ç–±–æ—Ä–∞.

–ï—Å–ª–∏ —É –≤–∞—Å –µ—Å—Ç—å –¥–æ–ø–æ–ª–Ω–∏—Ç–µ–ª—å–Ω—ã–µ –≤–æ–ø—Ä–æ—Å—ã –∏–ª–∏ –Ω—É–∂–Ω–∞ –ø–æ–º–æ—â—å –ø–æ –∫–æ–Ω–∫—Ä–µ—Ç–Ω—ã–º –Ω–∞–ø—Ä–∞–≤–ª–µ–Ω–∏—è–º, –ø–æ–∂–∞–ª—É–π—Å—Ç–∞, –¥–∞–π—Ç–µ –∑–Ω–∞—Ç—å! –í—ã —Ç–∞–∫–∂–µ –º–æ–∂–µ—Ç–µ –æ–±—Ä–∞—Ç–∏—Ç—å—Å—è –≤ –ø—Ä–∏—ë–º–Ω—É—é –∫–æ–º–∏—Å—Å–∏—é –¥–ª—è –ø–æ–ª—É—á–µ–Ω–∏—è –±–æ–ª–µ–µ –¥–µ—Ç–∞–ª—å–Ω–æ–π –∏–Ω—Ñ–æ—Ä–º–∞—Ü–∏–∏.

<b>–û—Ñ–∏—Ü–∏–∞–ª—å–Ω—ã–π —Å–∞–π—Ç:</b> <a href=""http://vk.com/ab_bmstu1830"">http://vk.com/ab_bmstu1830</a>
<b>–¢–µ–ª–µ—Ñ–æ–Ω:</b> +7 (499) 263-63-91
<b>Email:</b> <a href=""mailto:pk@bmstu.ru"">pk@bmstu.ru</a>

–£–¥–∞—á–∏ –≤–∞–º –≤ –ø–æ—Å—Ç—É–ø–ª–µ–Ω–∏–∏!",524538957
–ê –º–æ–≥—É —è –ø–æ—Å—Ç—É–ø–∏—Ç—å –≤ –ú–ì–¢–£ —Å –¥–≤–æ–π–∫–∞–º–∏?,"–ó–¥—Ä–∞–≤—Å—Ç–≤—É–π—Ç–µ! –°–ø–∞—Å–∏–±–æ –∑–∞ –≤–∞—à –≤–æ–ø—Ä–æ—Å. –î–ª—è –ø–æ—Å—Ç—É–ø–ª–µ–Ω–∏—è –≤ –ú–ì–¢–£ –∏–º. –ù.–≠. –ë–∞—É–º–∞–Ω–∞ –Ω–µ–æ–±—Ö–æ–¥–∏–º–æ –∏–º–µ—Ç—å <b>–∞—Ç—Ç–µ—Å—Ç–∞—Ç –æ —Å—Ä–µ–¥–Ω–µ–º –æ–±—â–µ–º –æ–±—Ä–∞–∑–æ–≤–∞–Ω–∏–∏</b>, –≤ –∫–æ—Ç–æ—Ä–æ–º –æ—Ü–µ–Ω–∫–∏ –¥–æ–ª–∂–Ω—ã —Å–æ–æ—Ç–≤–µ—Ç—Å—Ç–≤–æ–≤–∞—Ç—å –º–∏–Ω–∏–º–∞–ª—å–Ω—ã–º —Ç—Ä–µ–±–æ–≤–∞–Ω–∏—è–º. 

–ö —Å–æ–∂–∞–ª–µ–Ω–∏—é, –Ω–∞–ª–∏—á–∏–µ –¥–≤–æ–π–æ–∫ –º–æ–∂–µ—Ç –ø–æ–≤–ª–∏—è—Ç—å –Ω–∞ –≤–∞—à—É –≤–æ–∑–º–æ–∂–Ω–æ—Å—Ç—å –ø–æ—Å—Ç—É–ø–ª–µ–Ω–∏—è, —Ç–∞–∫ –∫–∞–∫ –ø—Ä–∏—ë–º–Ω–∞—è –∫–æ–º–∏—Å—Å–∏—è —É—á–∏—Ç—ã–≤–∞–µ—Ç –Ω–µ —Ç–æ–ª—å–∫–æ —Ä–µ–∑—É–ª—å—Ç–∞—Ç—ã –ï–ì–≠, –Ω–æ –∏ —É—Å–ø–µ–≤–∞–µ–º–æ—Å—Ç—å –≤ —à–∫–æ–ª–µ. –†–µ–∫–æ–º–µ–Ω–¥—É–µ–º –≤–∞–º –æ–∑–Ω–∞–∫–æ–º–∏—Ç—å—Å—è —Å —Ç—Ä–µ–±–æ–≤–∞–Ω–∏—è–º–∏ –∫ –ø–æ—Å—Ç—É–ø–∞—é—â–∏–º –Ω–∞ –∫–æ–Ω–∫—Ä–µ—Ç–Ω—ã–µ –Ω–∞–ø—Ä–∞–≤–ª–µ–Ω–∏—è –æ–±—É—á–µ–Ω–∏—è.

–ï—Å–ª–∏ —É –≤–∞—Å –µ—Å—Ç—å –¥–æ–ø–æ–ª–Ω–∏—Ç–µ–ª—å–Ω—ã–µ –≤–æ–ø—Ä–æ—Å—ã –∏–ª–∏ –Ω—É–∂–Ω–∞ –ø–æ–º–æ—â—å –ø–æ –∫–æ–Ω–∫—Ä–µ—Ç–Ω—ã–º —Å–ø–µ—Ü–∏–∞–ª—å–Ω–æ—Å—Ç—è–º, –ø–æ–∂–∞–ª—É–π—Å—Ç–∞, –¥–∞–π—Ç–µ –∑–Ω–∞—Ç—å! –í—ã —Ç–∞–∫–∂–µ –º–æ–∂–µ—Ç–µ –æ–±—Ä–∞—Ç–∏—Ç—å—Å—è –≤ –ø—Ä–∏—ë–º–Ω—É—é –∫–æ–º–∏—Å—Å–∏—é –¥–ª—è –ø–æ–ª—É—á–µ–Ω–∏—è –±–æ–ª–µ–µ –¥–µ—Ç–∞–ª—å–Ω–æ–π –∏–Ω—Ñ–æ—Ä–º–∞—Ü–∏–∏.

<b>–û—Ñ–∏—Ü–∏–∞–ª—å–Ω—ã–π —Å–∞–π—Ç:</b> <a href=""http://vk.com/ab_bmstu1830"">http://vk.com/ab_bmstu1830</a>
<b>–¢–µ–ª–µ—Ñ–æ–Ω:</b> +7 (499) 263-63-91  
<b>Email:</b> <a href=""mailto:pk@bmstu.ru"">pk@bmstu.ru</a>

–£–¥–∞—á–∏ –≤–∞–º –≤ –≤–∞—à–µ–º –ø—É—Ç–∏ –∫ –æ–±—Ä–∞–∑–æ–≤–∞–Ω–∏—é!",524538957
–∞ –∫–∞–∫–∏–µ —ç–∫–∑–∞–º–µ–Ω—ã –Ω—É–∂–Ω–æ —Å–¥–∞–≤–∞—Ç—å?,"–ó–¥—Ä–∞–≤—Å—Ç–≤—É–π—Ç–µ! –î–ª—è –ø–æ—Å—Ç—É–ø–ª–µ–Ω–∏—è –≤ –ú–ì–¢–£ –∏–º. –ù.–≠. –ë–∞—É–º–∞–Ω–∞ –Ω–µ–æ–±—Ö–æ–¥–∏–º–æ —Å–¥–∞–≤–∞—Ç—å <b>–ï–¥–∏–Ω—ã–π –≥–æ—Å—É–¥–∞—Ä—Å—Ç–≤–µ–Ω–Ω—ã–π —ç–∫–∑–∞–º–µ–Ω (–ï–ì–≠)</b>. –î–æ–ø–æ–ª–Ω–∏—Ç–µ–ª—å–Ω—ã–µ –≤—Å—Ç—É–ø–∏—Ç–µ–ª—å–Ω—ã–µ –∏—Å–ø—ã—Ç–∞–Ω–∏—è –æ—Ç—Å—É—Ç—Å—Ç–≤—É—é—Ç.

–ï—Å–ª–∏ –≤–∞–º –Ω—É–∂–Ω–∞ –∏–Ω—Ñ–æ—Ä–º–∞—Ü–∏—è –æ –∫–æ–Ω–∫—Ä–µ—Ç–Ω—ã—Ö –Ω–∞–ø—Ä–∞–≤–ª–µ–Ω–∏—è—Ö –∏ –ø—Ä–µ–¥–º–µ—Ç–∞—Ö –ï–ì–≠, –ø–æ–∂–∞–ª—É–π—Å—Ç–∞, –¥–∞–π—Ç–µ –∑–Ω–∞—Ç—å! –í—ã —Ç–∞–∫–∂–µ –º–æ–∂–µ—Ç–µ –æ–±—Ä–∞—Ç–∏—Ç—å—Å—è –≤ –ø—Ä–∏—ë–º–Ω—É—é –∫–æ–º–∏—Å—Å–∏—é –¥–ª—è –ø–æ–ª—É—á–µ–Ω–∏—è –±–æ–ª–µ–µ –¥–µ—Ç–∞–ª—å–Ω–æ–π –∏–Ω—Ñ–æ—Ä–º–∞—Ü–∏–∏.

<b>–û—Ñ–∏—Ü–∏–∞–ª—å–Ω—ã–π —Å–∞–π—Ç:</b> <a href=""http://vk.com/ab_bmstu1830"">http://vk.com/ab_bmstu1830</a>
<b>–¢–µ–ª–µ—Ñ–æ–Ω:</b> +7 (499) 263-63-91  
<b>Email:</b> <a href=""mailto:pk@bmstu.ru"">pk@bmstu.ru</a>

–£–¥–∞—á–∏ –≤–∞–º –≤ –ø–æ—Å—Ç—É–ø–ª–µ–Ω–∏–∏!",524538957
–∞ –ö—É–≤–∏–∫–æ–≤ –í–ª–∞–¥–∏–º–∏—Ä –ò–ª—å–∏—á –º–æ–∂–µ—Ç –ø–æ—Å—Ç—É–ø–∏—Ç—å –≤ –ú–ì–¢–£?,"–ó–¥—Ä–∞–≤—Å—Ç–≤—É–π—Ç–µ! –î–ª—è —Ç–æ–≥–æ —á—Ç–æ–±—ã –ö—É–≤–∏–∫–æ–≤ –í–ª–∞–¥–∏–º–∏—Ä –ò–ª—å–∏—á –º–æ–≥ –ø–æ—Å—Ç—É–ø–∏—Ç—å –≤ –ú–ì–¢–£ –∏–º. –ù.–≠. –ë–∞—É–º–∞–Ω–∞, –µ–º—É –Ω–µ–æ–±—Ö–æ–¥–∏–º–æ –∏–º–µ—Ç—å –¥–æ–∫—É–º–µ–Ω—Ç –æ —Å—Ä–µ–¥–Ω–µ–º –æ–±—â–µ–º –æ–±—Ä–∞–∑–æ–≤–∞–Ω–∏–∏ –∏–ª–∏ —Å—Ä–µ–¥–Ω–µ–º –ø—Ä–æ—Ñ–µ—Å—Å–∏–æ–Ω–∞–ª—å–Ω–æ–º –æ–±—Ä–∞–∑–æ–≤–∞–Ω–∏–∏, –∞ —Ç–∞–∫–∂–µ –ø—Ä–æ–π—Ç–∏ –ï–¥–∏–Ω—ã–π –≥–æ—Å—É–¥–∞—Ä—Å—Ç–≤–µ–Ω–Ω—ã–π —ç–∫–∑–∞–º–µ–Ω (–ï–ì–≠) —Å –Ω–µ–æ–±—Ö–æ–¥–∏–º—ã–º–∏ –±–∞–ª–ª–∞–º–∏.

–ï—Å–ª–∏ —É –Ω–µ–≥–æ –µ—Å—Ç—å –≤–æ–ø—Ä–æ—Å—ã –ø–æ –ø–æ–≤–æ–¥—É –∫–æ–Ω–∫—Ä–µ—Ç–Ω—ã—Ö –Ω–∞–ø—Ä–∞–≤–ª–µ–Ω–∏–π, —ç–∫–∑–∞–º–µ–Ω–æ–≤ –∏ –ø—Ä–æ—Ö–æ–¥–Ω—ã—Ö –±–∞–ª–ª–æ–≤, –ø–æ–∂–∞–ª—É–π—Å—Ç–∞, –¥–∞–π—Ç–µ –∑–Ω–∞—Ç—å! –í—ã —Ç–∞–∫–∂–µ –º–æ–∂–µ—Ç–µ –æ–±—Ä–∞—Ç–∏—Ç—å—Å—è –≤ –ø—Ä–∏—ë–º–Ω—É—é –∫–æ–º–∏—Å—Å–∏—é –¥–ª—è –ø–æ–ª—É—á–µ–Ω–∏—è –±–æ–ª–µ–µ –¥–µ—Ç–∞–ª—å–Ω–æ–π –∏–Ω—Ñ–æ—Ä–º–∞—Ü–∏–∏.

<b>–û—Ñ–∏—Ü–∏–∞–ª—å–Ω—ã–π —Å–∞–π—Ç:</b> <a href=""http://vk.com/ab_bmstu1830"">http://vk.com/ab_bmstu1830</a>
<b>–¢–µ–ª–µ—Ñ–æ–Ω:</b> +7 (499) 263-63-91  
<b>Email:</b> <a href=""mailto:pk@bmstu.ru"">pk@bmstu.ru</a>

–ñ–µ–ª–∞—é —É–¥–∞—á–∏ –≤ –ø–æ—Å—Ç—É–ø–ª–µ–Ω–∏–∏!",524538957
–∞ –Ω–∞ –∫–∞–∫–∏–µ –ò–¢ —Å–ø–µ—Ü–∏–∞–ª—å–Ω–æ—Å—Ç–∏ –º–æ–∂–Ω–æ –ø–æ—Å—Ç—É–ø–∏—Ç—å —Å –º–∞—Ç–µ–º–∞—Ç–∏–∫–æ–π –∏ –æ–±—â–µ—Å—Ç–≤–æ–º?,"–í –ú–ì–¢–£ –∏–º. –ù.–≠. –ë–∞—É–º–∞–Ω–∞ –Ω–∞ –Ω–∞–ø—Ä–∞–≤–ª–µ–Ω–∏—è, —Å–≤—è–∑–∞–Ω–Ω—ã–µ —Å –∏–Ω—Ñ–æ—Ä–º–∞—Ü–∏–æ–Ω–Ω—ã–º–∏ —Ç–µ—Ö–Ω–æ–ª–æ–≥–∏—è–º–∏, —Ç—Ä–µ–±—É–µ—Ç—Å—è —Å–¥–∞—á–∞ –ø—Ä–æ—Ñ–∏–ª—å–Ω–æ–π –º–∞—Ç–µ–º–∞—Ç–∏–∫–∏. –û–¥–Ω–∞–∫–æ, –µ—Å–ª–∏ —É –≤–∞—Å –µ—Å—Ç—å —Ç–æ–ª—å–∫–æ –º–∞—Ç–µ–º–∞—Ç–∏–∫–∞ –∏ –æ–±—â–µ—Å—Ç–≤–æ, –≤—ã –º–æ–∂–µ—Ç–µ —Ä–∞—Å—Å–º–æ—Ç—Ä–µ—Ç—å –Ω–µ–∫–æ—Ç–æ—Ä—ã–µ —Å–ø–µ—Ü–∏–∞–ª—å–Ω–æ—Å—Ç–∏, –Ω–∞–ø—Ä–∏–º–µ—Ä:

1. **–ö—Ä–∏–æ–≥–µ–Ω–Ω–∞—è —Ç–µ—Ö–Ω–∏–∫–∞ –∏ —Å–ø–µ—Ü–∏–∞–ª—å–Ω—ã–µ —Å–∏—Å—Ç–µ–º—ã –∂–∏–∑–Ω–µ–æ–±–µ—Å–ø–µ—á–µ–Ω–∏—è** (–∫–æ–¥ 16.05.01, –ø—Ä–æ—Ñ–∏–ª—å 01) ‚Äî –∑–¥–µ—Å—å –≤—ã –∏–∑—É—á–∞–µ—Ç–µ —à–∏—Ä–æ–∫–∏–π —Å–ø–µ–∫—Ç—Ä –æ–±–ª–∞—Å—Ç–µ–π, –≤–∫–ª—é—á–∞—è –ø—Ä–∏–º–µ–Ω–µ–Ω–∏–µ –∫—Ä–∏–æ–≥–µ–Ω–Ω—ã—Ö —Ç–µ—Ö–Ω–æ–ª–æ–≥–∏–π –≤ —Ä–∞–∑–ª–∏—á–Ω—ã—Ö –æ—Ç—Ä–∞—Å–ª—è—Ö.

–ï—Å–ª–∏ –≤–∞—Å –∏–Ω—Ç–µ—Ä–µ—Å—É—é—Ç –¥—Ä—É–≥–∏–µ –Ω–∞–ø—Ä–∞–≤–ª–µ–Ω–∏—è –∏–ª–∏ —É –≤–∞—Å –µ—Å—Ç—å –≤–æ–ø—Ä–æ—Å—ã –æ –≤—Å—Ç—É–ø–∏—Ç–µ–ª—å–Ω—ã—Ö –∏—Å–ø—ã—Ç–∞–Ω–∏—è—Ö –∏ –ø—Ä–æ—Ö–æ–¥–Ω—ã—Ö –±–∞–ª–ª–∞—Ö, –ø–æ–∂–∞–ª—É–π—Å—Ç–∞, –¥–∞–π—Ç–µ –∑–Ω–∞—Ç—å! –¢–∞–∫–∂–µ –≤—ã –º–æ–∂–µ—Ç–µ –æ–±—Ä–∞—Ç–∏—Ç—å—Å—è –≤ –ø—Ä–∏—ë–º–Ω—É—é –∫–æ–º–∏—Å—Å–∏—é –¥–ª—è –ø–æ–ª—É—á–µ–Ω–∏—è –±–æ–ª–µ–µ –ø–æ–¥—Ä–æ–±–Ω–æ–π –∏–Ω—Ñ–æ—Ä–º–∞—Ü–∏–∏:

<b>–¢–µ–ª–µ—Ñ–æ–Ω:</b> +7 (499) 263-63-91  
<b>Email:</b> <a href=""mailto:pk@bmstu.ru"">pk@bmstu.ru</a>
<b>–û—Ñ–∏—Ü–∏–∞–ª—å–Ω—ã–π —Å–∞–π—Ç:</b> <a href="""">http://vk.com/ab_bmstu1830</a>

–ñ–µ–ª–∞—é —É–¥–∞—á–∏ –≤ –≤—ã–±–æ—Ä–µ –Ω–∞–ø—Ä–∞–≤–ª–µ–Ω–∏—è! üòä",621180215
–ê –Ω–∞ –∫–∞–∫—É—é —Å–ø–µ—Ü–∏–∞–ª—å–Ω–æ—Å—Ç—å –º–æ–∂–Ω–æ —Å–¥–∞–≤–∞—Ç—å —Ñ–∏–∑—Ä—É?,"–í –ú–ì–¢–£ –∏–º. –ù.–≠. –ë–∞—É–º–∞–Ω–∞ —Ñ–∏–∑–∏—á–µ—Å–∫–∞—è –∫—É–ª—å—Ç—É—Ä–∞ (—Ñ–∏–∑—Ä—É) –º–æ–∂–µ—Ç –±—ã—Ç—å –ø—Ä–∏–Ω—è—Ç–∞ –≤ –∫–∞—á–µ—Å—Ç–≤–µ –æ–¥–Ω–æ–≥–æ –∏–∑ –≤—Å—Ç—É–ø–∏—Ç–µ–ª—å–Ω—ã—Ö –∏—Å–ø—ã—Ç–∞–Ω–∏–π –¥–ª—è –ø–æ—Å—Ç—É–ø–ª–µ–Ω–∏—è –Ω–∞ –Ω–µ–∫–æ—Ç–æ—Ä—ã–µ –Ω–∞–ø—Ä–∞–≤–ª–µ–Ω–∏—è, —Å–≤—è–∑–∞–Ω–Ω—ã–µ —Å —Ñ–∏–∑–∏—á–µ—Å–∫–æ–π –∫—É–ª—å—Ç—É—Ä–æ–π –∏ —Å–ø–æ—Ä—Ç–æ–º, –æ–¥–Ω–∞–∫–æ –æ—Å–Ω–æ–≤–Ω–æ–µ –≤–Ω–∏–º–∞–Ω–∏–µ —É–¥–µ–ª—è–µ—Ç—Å—è –¥—Ä—É–≥–∏–º –ø—Ä–æ—Ñ–∏–ª—å–Ω—ã–º –ø—Ä–µ–¥–º–µ—Ç–∞–º.

–î–ª—è –ø–æ–ª—É—á–µ–Ω–∏—è —Ç–æ—á–Ω–æ–π –∏–Ω—Ñ–æ—Ä–º–∞—Ü–∏–∏ –æ —Å–ø–µ—Ü–∏–∞–ª—å–Ω–æ—Å—Ç—è—Ö, –≥–¥–µ –ø—Ä–∏–Ω–∏–º–∞–µ—Ç—Å—è —Ñ–∏–∑–∏—á–µ—Å–∫–∞—è –∫—É–ª—å—Ç—É—Ä–∞, –∞ —Ç–∞–∫–∂–µ –æ –¥—Ä—É–≥–∏—Ö –≤—Å—Ç—É–ø–∏—Ç–µ–ª—å–Ω—ã—Ö –∏—Å–ø—ã—Ç–∞–Ω–∏—è—Ö, —Ä–µ–∫–æ–º–µ–Ω–¥—É—é –æ–±—Ä–∞—Ç–∏—Ç—å—Å—è –≤ –ø—Ä–∏—ë–º–Ω—É—é –∫–æ–º–∏—Å—Å–∏—é –∏–ª–∏ –æ–∑–Ω–∞–∫–æ–º–∏—Ç—å—Å—è —Å –∏–Ω—Ñ–æ—Ä–º–∞—Ü–∏–µ–π –Ω–∞ –æ—Ñ–∏—Ü–∏–∞–ª—å–Ω–æ–º —Å–∞–π—Ç–µ —É–Ω–∏–≤–µ—Ä—Å–∏—Ç–µ—Ç–∞.

<b>–¢–µ–ª–µ—Ñ–æ–Ω:</b> +7 (499) 263-63-91  
<b>Email:</b> <a href=""mailto:pk@bmstu.ru"">pk@bmstu.ru</a>
<b>–û—Ñ–∏—Ü–∏–∞–ª—å–Ω—ã–π —Å–∞–π—Ç:</b> <a href="""">http://vk.com/ab_bmstu1830</a>

–ï—Å–ª–∏ —É –≤–∞—Å –µ—Å—Ç—å –¥–æ–ø–æ–ª–Ω–∏—Ç–µ–ª—å–Ω—ã–µ –≤–æ–ø—Ä–æ—Å—ã, –ø–æ–∂–∞–ª—É–π—Å—Ç–∞, –¥–∞–π—Ç–µ –∑–Ω–∞—Ç—å! üòä",621180215
–ê –∏—Å—Ç–æ—Ä–∏—è –º–Ω–µ –ø—Ä–∏–≥–æ–¥–∏—Ç—Å—è?,"–ò—Å—Ç–æ—Ä–∏—è –º–æ–∂–µ—Ç –±—ã—Ç—å –ø–æ–ª–µ–∑–Ω–∞ –≤ –∫–æ–Ω—Ç–µ–∫—Å—Ç–µ –æ–±—â–µ–≥–æ –æ–±—Ä–∞–∑–æ–≤–∞–Ω–∏—è, –æ–¥–Ω–∞–∫–æ –≤ –ú–ì–¢–£ –∏–º. –ù.–≠. –ë–∞—É–º–∞–Ω–∞ –æ—Å–Ω–æ–≤–Ω–æ–π –∞–∫—Ü–µ–Ω—Ç –¥–µ–ª–∞–µ—Ç—Å—è –Ω–∞ —Ç–µ—Ö–Ω–∏—á–µ—Å–∫–∏—Ö –∏ –µ—Å—Ç–µ—Å—Ç–≤–µ–Ω–Ω–æ–Ω–∞—É—á–Ω—ã—Ö –¥–∏—Å—Ü–∏–ø–ª–∏–Ω–∞—Ö. –ü—Ä–∏ –ø–æ—Å—Ç—É–ø–ª–µ–Ω–∏–∏ –Ω–∞ –±–æ–ª—å—à–∏–Ω—Å—Ç–≤–æ —Å–ø–µ—Ü–∏–∞–ª—å–Ω–æ—Å—Ç–µ–π –≤–∞–∂–Ω–µ–µ –±—É–¥—É—Ç –ø—Ä–æ—Ñ–∏–ª—å–Ω—ã–µ –ø—Ä–µ–¥–º–µ—Ç—ã, —Ç–∞–∫–∏–µ –∫–∞–∫ –º–∞—Ç–µ–º–∞—Ç–∏–∫–∞, —Ñ–∏–∑–∏–∫–∞ –∏–ª–∏ –∏–Ω—Ñ–æ—Ä–º–∞—Ç–∏–∫–∞.

–ï—Å–ª–∏ —É –≤–∞—Å –µ—Å—Ç—å –∫–æ–Ω–∫—Ä–µ—Ç–Ω—ã–µ –≤–æ–ø—Ä–æ—Å—ã –æ —Å–ø–µ—Ü–∏–∞–ª—å–Ω–æ—Å—Ç—è—Ö –∏–ª–∏ –≤—Å—Ç—É–ø–∏—Ç–µ–ª—å–Ω—ã—Ö –∏—Å–ø—ã—Ç–∞–Ω–∏—è—Ö, –ø–æ–∂–∞–ª—É–π—Å—Ç–∞, –¥–∞–π—Ç–µ –∑–Ω–∞—Ç—å! –¢–∞–∫–∂–µ –≤—ã –º–æ–∂–µ—Ç–µ –æ–±—Ä–∞—Ç–∏—Ç—å—Å—è –≤ –ø—Ä–∏—ë–º–Ω—É—é –∫–æ–º–∏—Å—Å–∏—é –¥–ª—è –ø–æ–ª—É—á–µ–Ω–∏—è –±–æ–ª–µ–µ –ø–æ–¥—Ä–æ–±–Ω–æ–π –∏–Ω—Ñ–æ—Ä–º–∞—Ü–∏–∏:

<b>–¢–µ–ª–µ—Ñ–æ–Ω:</b> +7 (499) 263-63-91  
<b>Email:</b> <a href=""mailto:pk@bmstu.ru"">pk@bmstu.ru</a>
<b>–û—Ñ–∏—Ü–∏–∞–ª—å–Ω—ã–π —Å–∞–π—Ç:</b> <a href="""">http://vk.com/ab_bmstu1830</a>

–ñ–µ–ª–∞—é —É–¥–∞—á–∏ –≤ –≤—ã–±–æ—Ä–µ –Ω–∞–ø—Ä–∞–≤–ª–µ–Ω–∏—è! üòä",621180215
–ê –∫–µ–º —Ä–∞–∑—Ä–∞–±–æ—Ç–∞–Ω —ç—Ç–æ—Ç –±–æ—Ç?,"–ö —Å–æ–∂–∞–ª–µ–Ω–∏—é, —è –Ω–µ –º–æ–≥—É –æ—Ç–≤–µ—Ç–∏—Ç—å –Ω–∞ —ç—Ç–æ—Ç –≤–æ–ø—Ä–æ—Å, —Ç–∞–∫ –∫–∞–∫ –æ–Ω –Ω–µ —Å–≤—è–∑–∞–Ω —Å —Ç–µ–º–æ–π –ø–æ—Å—Ç—É–ø–ª–µ–Ω–∏—è –≤ –ú–ì–¢–£ –∏–º. –ù.–≠. –ë–∞—É–º–∞–Ω–∞. –ï—Å–ª–∏ —É –≤–∞—Å –µ—Å—Ç—å –≤–æ–ø—Ä–æ—Å—ã –æ –ø—Ä–∞–≤–∏–ª–∞—Ö –ø—Ä–∏—ë–º–∞, –Ω–µ–æ–±—Ö–æ–¥–∏–º—ã—Ö –¥–æ–∫—É–º–µ–Ω—Ç–∞—Ö –∏–ª–∏ –Ω–∞–ø—Ä–∞–≤–ª–µ–Ω–∏—è—Ö –æ–±—É—á–µ–Ω–∏—è, –ø–æ–∂–∞–ª—É–π—Å—Ç–∞, –¥–∞–π—Ç–µ –∑–Ω–∞—Ç—å! –Ø —Å —Ä–∞–¥–æ—Å—Ç—å—é –ø–æ–º–æ–≥—É –≤–∞–º. üòä",621180215
–∞ –≥–¥–µ —É—á–∞—Ç –¥–µ–ª–∞—Ç—å –ø–æ–¥–æ–±–Ω—ã—Ö –±–æ—Ç–æ–≤?,"–ö —Å–æ–∂–∞–ª–µ–Ω–∏—é, —è –Ω–µ –º–æ–≥—É –æ—Ç–≤–µ—Ç–∏—Ç—å –Ω–∞ —ç—Ç–æ—Ç –≤–æ–ø—Ä–æ—Å, —Ç–∞–∫ –∫–∞–∫ –æ–Ω –Ω–µ —Å–≤—è–∑–∞–Ω —Å —Ç–µ–º–æ–π –ø–æ—Å—Ç—É–ø–ª–µ–Ω–∏—è –≤ –ú–ì–¢–£ –∏–º. –ù.–≠. –ë–∞—É–º–∞–Ω–∞. –ï—Å–ª–∏ –≤–∞—Å –∏–Ω—Ç–µ—Ä–µ—Å—É–µ—Ç –∏–Ω—Ñ–æ—Ä–º–∞—Ü–∏—è –æ –Ω–∞–ø—Ä–∞–≤–ª–µ–Ω–∏—è—Ö –æ–±—É—á–µ–Ω–∏—è, –Ω–∞–ø—Ä–∏–º–µ—Ä, –æ —Å–ø–µ—Ü–∏–∞–ª—å–Ω–æ—Å—Ç–∏ ""–ü—Ä–∏–±–æ—Ä—ã —Å–∏—Å—Ç–µ–º —É–ø—Ä–∞–≤–ª–µ–Ω–∏—è –ª–µ—Ç–∞—Ç–µ–ª—å–Ω—ã—Ö –∞–ø–ø–∞—Ä–∞—Ç–æ–≤"", —è —Å —É–¥–æ–≤–æ–ª—å—Å—Ç–≤–∏–µ–º —Ä–∞—Å—Å–∫–∞–∂—É –æ–± —ç—Ç–æ–º!

–≠—Ç–∞ —Å–ø–µ—Ü–∏–∞–ª—å–Ω–æ—Å—Ç—å (–∫–æ–¥ 24.05.06, –ø—Ä–æ—Ñ–∏–ª—å 04) –æ—Ç–Ω–æ—Å–∏—Ç—Å—è –∫ —Ñ–∞–∫—É–ª—å—Ç–µ—Ç—É –ò–£2 –∏ –Ω–∞–ø—Ä–∞–≤–ª–µ–Ω–∞ –Ω–∞ —Ñ–æ—Ä–º–∏—Ä–æ–≤–∞–Ω–∏–µ –∑–Ω–∞–Ω–∏–π –≤ –æ–±–ª–∞—Å—Ç–∏ –Ω–∞–≤–∏–≥–∞—Ü–∏–æ–Ω–Ω–æ–π —Ç–µ—Ö–Ω–∏–∫–∏ –∏ —Å–∏—Å—Ç–µ–º —É–ø—Ä–∞–≤–ª–µ–Ω–∏—è –¥–≤–∏–∂–µ–Ω–∏–µ–º. –ü—Ä–æ—Ö–æ–¥–Ω–æ–π –±–∞–ª–ª –¥–ª—è –±—é–¥–∂–µ—Ç–∞ –≤ 2024 –≥–æ–¥—É —Å–æ—Å—Ç–∞–≤–ª—è–µ—Ç 247.

–ï—Å–ª–∏ —É –≤–∞—Å –µ—Å—Ç—å –¥—Ä—É–≥–∏–µ –≤–æ–ø—Ä–æ—Å—ã –æ –ø–æ—Å—Ç—É–ø–ª–µ–Ω–∏–∏ –∏–ª–∏ –æ–±—É—á–µ–Ω–∏–∏ –≤ –Ω–∞—à–µ–º —É–Ω–∏–≤–µ—Ä—Å–∏—Ç–µ—Ç–µ, –ø–æ–∂–∞–ª—É–π—Å—Ç–∞, –¥–∞–π—Ç–µ –∑–Ω–∞—Ç—å! üòä",621180215
–∫–∞–∫–æ–π –ø—Ä–æ—Ö–æ–¥–Ω–æ–π –±–∞–ª –≤ 2024 –±—ã–ª –Ω–∞ –ò–£1?,"–í 2024 –≥–æ–¥—É –ø—Ä–æ—Ö–æ–¥–Ω–æ–π –±–∞–ª–ª –Ω–∞ –Ω–∞–ø—Ä–∞–≤–ª–µ–Ω–∏–µ ""–ë–µ–∑–æ–ø–∞—Å–Ω–æ—Å—Ç—å –∞–≤—Ç–æ–º–∞—Ç–∏–∑–∏—Ä–æ–≤–∞–Ω–Ω—ã—Ö —Å–∏—Å—Ç–µ–º –∫—Ä–∏—Ç–∏—á–µ—Å–∫–∏ –≤–∞–∂–Ω—ã—Ö –æ–±—ä–µ–∫—Ç–æ–≤"" (–∞–¥–∞–ø—Ç–∞—Ü–∏–æ–Ω–Ω—ã–π –ø–ª–∞–Ω ‚Ññ 1) –¥–ª—è –±—é–¥–∂–µ—Ç–Ω—ã—Ö –º–µ—Å—Ç —Å–æ—Å—Ç–∞–≤–∏–ª <b>282</b>, –∞ –¥–ª—è –ø–ª–∞—Ç–Ω—ã—Ö –º–µ—Å—Ç ‚Äî <b>190</b>. 

–ï—Å–ª–∏ —É –≤–∞—Å –µ—Å—Ç—å –¥–æ–ø–æ–ª–Ω–∏—Ç–µ–ª—å–Ω—ã–µ –≤–æ–ø—Ä–æ—Å—ã –æ –ø–æ—Å—Ç—É–ø–ª–µ–Ω–∏–∏ –∏–ª–∏ –¥—Ä—É–≥–∏—Ö –Ω–∞–ø—Ä–∞–≤–ª–µ–Ω–∏—è—Ö –æ–±—É—á–µ–Ω–∏—è, –ø–æ–∂–∞–ª—É–π—Å—Ç–∞, –¥–∞–π—Ç–µ –∑–Ω–∞—Ç—å! üòä",621180215
–∞ –∫–∞–∫–æ–π –ø—Ä–æ—Ö–æ–¥–Ω–æ–π –Ω–∞ –ò–ë?,"–í 2024 –≥–æ–¥—É –ø—Ä–æ—Ö–æ–¥–Ω–æ–π –±–∞–ª–ª –Ω–∞ –Ω–∞–ø—Ä–∞–≤–ª–µ–Ω–∏–µ ""–î–∏–Ω–∞–º–∏–∫–∞ –∏ –ø—Ä–æ—á–Ω–æ—Å—Ç—å –º–∞—à–∏–Ω"" (–∫–æ–¥ 15.03.03, –ø—Ä–æ—Ñ–∏–ª—å –°1) —Å–æ—Å—Ç–∞–≤–ª—è–µ—Ç:

- –î–ª—è –±—é–¥–∂–µ—Ç–Ω—ã—Ö –º–µ—Å—Ç: <b>265</b>
- –î–ª—è –ø–ª–∞—Ç–Ω—ã—Ö –º–µ—Å—Ç: <b>200</b>

–≠—Ç–∞ –æ–±—Ä–∞–∑–æ–≤–∞—Ç–µ–ª—å–Ω–∞—è –ø—Ä–æ–≥—Ä–∞–º–º–∞ –Ω–∞—Ü–µ–ª–µ–Ω–∞ –Ω–∞ –ø–æ–¥–≥–æ—Ç–æ–≤–∫—É –ø—Ä–æ—Ñ–µ—Å—Å–∏–æ–Ω–∞–ª–æ–≤ –≤ –æ–±–ª–∞—Å—Ç–∏ –º–∞—Ç–µ–º–∞—Ç–∏—á–µ—Å–∫–æ–≥–æ –∏ —Ü–∏—Ñ—Ä–æ–≤–æ–≥–æ –º–æ–¥–µ–ª–∏—Ä–æ–≤–∞–Ω–∏—è –º–µ—Ö–∞–Ω–∏—á–µ—Å–∫–∏—Ö —Å–∏—Å—Ç–µ–º. –ï—Å–ª–∏ —É –≤–∞—Å –µ—Å—Ç—å –¥—Ä—É–≥–∏–µ –≤–æ–ø—Ä–æ—Å—ã –æ –ø–æ—Å—Ç—É–ø–ª–µ–Ω–∏–∏ –∏–ª–∏ —Å–ø–µ—Ü–∏–∞–ª—å–Ω–æ—Å—Ç—è—Ö, –ø–æ–∂–∞–ª—É–π—Å—Ç–∞, –¥–∞–π—Ç–µ –∑–Ω–∞—Ç—å! üòä",621180215
–∞ –Ω–∞ –∏–Ω—Ñ–æ—Ä–º–∞—Ü–∏–æ–Ω–Ω—É—é –±–µ–∑–æ–ø–∞—Å–Ω–æ—Å—Ç—å?,"–ù–∞ –Ω–∞–ø—Ä–∞–≤–ª–µ–Ω–∏–µ ""–ê–Ω–∞–ª–∏–∑ –±–µ–∑–æ–ø–∞—Å–Ω–æ—Å—Ç–∏ –∏–Ω—Ñ–æ—Ä–º–∞—Ü–∏–æ–Ω–Ω—ã—Ö —Å–∏—Å—Ç–µ–º"" (–∫–æ–¥ 10.05.03, –ø—Ä–æ—Ñ–∏–ª—å 02) —Ñ–∞–∫—É–ª—å—Ç–µ—Ç–∞ –ò–£8 –≤ 2024 –≥–æ–¥—É –ø—Ä–æ—Ö–æ–¥–Ω–æ–π –±–∞–ª–ª —Å–æ—Å—Ç–∞–≤–ª—è–µ—Ç:

- –î–ª—è –±—é–¥–∂–µ—Ç–Ω—ã—Ö –º–µ—Å—Ç: <b>282</b>
- –î–ª—è –ø–ª–∞—Ç–Ω—ã—Ö –º–µ—Å—Ç: <b>190</b>

–≠—Ç–∞ –æ–±—Ä–∞–∑–æ–≤–∞—Ç–µ–ª—å–Ω–∞—è –ø—Ä–æ–≥—Ä–∞–º–º–∞ –Ω–∞–ø—Ä–∞–≤–ª–µ–Ω–∞ –Ω–∞ –ø–æ–¥–≥–æ—Ç–æ–≤–∫—É —Å–ø–µ—Ü–∏–∞–ª–∏—Å—Ç–æ–≤, –≤–ª–∞–¥–µ—é—â–∏—Ö —Ç–µ—Ö–Ω–∏—á–µ—Å–∫–∏–º–∏ –∏ –ø—Ä–æ–≥—Ä–∞–º–º–Ω–æ-–º–∞—Ç–µ–º–∞—Ç–∏—á–µ—Å–∫–∏–º–∏ –º–µ—Ç–æ–¥–∞–º–∏ –∏ —Å—Ä–µ–¥—Å—Ç–≤–∞–º–∏ –∑–∞—â–∏—Ç—ã –∏–Ω—Ñ–æ—Ä–º–∞—Ü–∏–∏ –≤ –æ–±—ä–µ–∫—Ç–∞—Ö –∏–Ω—Ñ–æ—Ä–º–∞—Ç–∏–∑–∞—Ü–∏–∏.

–ï—Å–ª–∏ —É –≤–∞—Å –µ—Å—Ç—å –¥–æ–ø–æ–ª–Ω–∏—Ç–µ–ª—å–Ω—ã–µ –≤–æ–ø—Ä–æ—Å—ã –æ –ø–æ—Å—Ç—É–ø–ª–µ–Ω–∏–∏ –∏–ª–∏ –¥—Ä—É–≥–∏—Ö –Ω–∞–ø—Ä–∞–≤–ª–µ–Ω–∏—è—Ö –æ–±—É—á–µ–Ω–∏—è, –ø–æ–∂–∞–ª—É–π—Å—Ç–∞, –¥–∞–π—Ç–µ –∑–Ω–∞—Ç—å! üòä",621180215
–ö–∞–∫–æ–π –∫–æ–¥ —Å–ø–µ—Ü–∏–∞–ª—å–Ω–æ—Å—Ç–∏ –∞–≤—Ç–æ–º–∞—Ç–∏–∑–∏—Ä–æ–≤–∞–Ω–Ω—ã–µ —Å–∏—Å—Ç–µ–º—ã —É–ø—Ä–∞–≤–ª–µ–Ω–∏—è?,"–ö–æ–¥ —Å–ø–µ—Ü–∏–∞–ª—å–Ω–æ—Å—Ç–∏ ""–ê–≤—Ç–æ–º–∞—Ç–∏–∑–∏—Ä–æ–≤–∞–Ω–Ω—ã–µ —Å–∏—Å—Ç–µ–º—ã —É–ø—Ä–∞–≤–ª–µ–Ω–∏—è"" ‚Äî <b>10.05.03</b>. 

–≠—Ç–∞ –ø—Ä–æ–≥—Ä–∞–º–º–∞ –Ω–∞–ø—Ä–∞–≤–ª–µ–Ω–∞ –Ω–∞ –ø–æ–¥–≥–æ—Ç–æ–≤–∫—É —Å–ø–µ—Ü–∏–∞–ª–∏—Å—Ç–æ–≤, –≤–ª–∞–¥–µ—é—â–∏—Ö –ø—Ä–æ–≥—Ä–∞–º–º–Ω–æ-–º–∞—Ç–µ–º–∞—Ç–∏—á–µ—Å–∫–∏–º–∏ –º–µ—Ç–æ–¥–∞–º–∏ –∏ —Å—Ä–µ–¥—Å—Ç–≤–∞–º–∏ —Ä–∞–∑—Ä–∞–±–æ—Ç–∫–∏ –∞–≤—Ç–æ–º–∞—Ç–∏–∑–∏—Ä–æ–≤–∞–Ω–Ω—ã—Ö —Å–∏—Å—Ç–µ–º –≤ –∑–∞—â–∏—â—ë–Ω–Ω–æ–º –∏—Å–ø–æ–ª–Ω–µ–Ω–∏–∏. –ï—Å–ª–∏ —É –≤–∞—Å –µ—Å—Ç—å –¥—Ä—É–≥–∏–µ –≤–æ–ø—Ä–æ—Å—ã –æ –ø–æ—Å—Ç—É–ø–ª–µ–Ω–∏–∏ –∏–ª–∏ —Å–ø–µ—Ü–∏–∞–ª—å–Ω–æ—Å—Ç—è—Ö, –ø–æ–∂–∞–ª—É–π—Å—Ç–∞, –¥–∞–π—Ç–µ –∑–Ω–∞—Ç—å! üòä",621180215
—á—Ç–æ –∑–∞ —Å–ø–µ—Ü–∏–∞–ª—å–Ω–æ—Å—Ç—å 10.05.03?,"–°–ø–µ—Ü–∏–∞–ª—å–Ω–æ—Å—Ç—å —Å –∫–æ–¥–æ–º <b>10.05.03</b> –æ—Ç–Ω–æ—Å–∏—Ç—Å—è –∫ –Ω–∞–ø—Ä–∞–≤–ª–µ–Ω–∏—é ""–ê–Ω–∞–ª–∏–∑ –±–µ–∑–æ–ø–∞—Å–Ω–æ—Å—Ç–∏ –∏–Ω—Ñ–æ—Ä–º–∞—Ü–∏–æ–Ω–Ω—ã—Ö —Å–∏—Å—Ç–µ–º"". –≠—Ç–∞ –æ–±—Ä–∞–∑–æ–≤–∞—Ç–µ–ª—å–Ω–∞—è –ø—Ä–æ–≥—Ä–∞–º–º–∞ —Å–ø–µ—Ü–∏–∞–ª–∏–∑–∏—Ä—É–µ—Ç—Å—è –Ω–∞ –ø–æ–¥–≥–æ—Ç–æ–≤–∫–µ —Å–ø–µ—Ü–∏–∞–ª–∏—Å—Ç–æ–≤, –≤–ª–∞–¥–µ—é—â–∏—Ö —Ç–µ—Ö–Ω–∏—á–µ—Å–∫–∏–º–∏ –∏ –ø—Ä–æ–≥—Ä–∞–º–º–Ω–æ-–º–∞—Ç–µ–º–∞—Ç–∏—á–µ—Å–∫–∏–º–∏ –º–µ—Ç–æ–¥–∞–º–∏ –∏ —Å—Ä–µ–¥—Å—Ç–≤–∞–º–∏ –∑–∞—â–∏—Ç—ã –∏–Ω—Ñ–æ—Ä–º–∞—Ü–∏–∏ –≤ –æ–±—ä–µ–∫—Ç–∞—Ö –∏–Ω—Ñ–æ—Ä–º–∞—Ç–∏–∑–∞—Ü–∏–∏.

–ï—Å–ª–∏ —É –≤–∞—Å –µ—Å—Ç—å –¥–æ–ø–æ–ª–Ω–∏—Ç–µ–ª—å–Ω—ã–µ –≤–æ–ø—Ä–æ—Å—ã –æ –ø–æ—Å—Ç—É–ø–ª–µ–Ω–∏–∏ –∏–ª–∏ –¥—Ä—É–≥–∏—Ö –Ω–∞–ø—Ä–∞–≤–ª–µ–Ω–∏—è—Ö –æ–±—É—á–µ–Ω–∏—è, –ø–æ–∂–∞–ª—É–π—Å—Ç–∞, –¥–∞–π—Ç–µ –∑–Ω–∞—Ç—å! üòä",621180215
–∫–∞–∫–∏–µ –≤—Å—Ç—É–ø–∏—Ç–µ–ª—å–Ω—ã–µ —ç–∫–∑–∞–º–µ–Ω—ã?,"–ü–æ—Å—Ç—É–ø–ª–µ–Ω–∏–µ –≤ –ú–ì–¢–£ –∏–º. –ù.–≠. –ë–∞—É–º–∞–Ω–∞ –æ—Å—É—â–µ—Å—Ç–≤–ª—è–µ—Ç—Å—è –ø–æ —Ä–µ–∑—É–ª—å—Ç–∞—Ç–∞–º –ï–ì–≠. –î–æ–ø–æ–ª–Ω–∏—Ç–µ–ª—å–Ω—ã–µ –≤—Å—Ç—É–ø–∏—Ç–µ–ª—å–Ω—ã–µ –∏—Å–ø—ã—Ç–∞–Ω–∏—è –æ—Ç—Å—É—Ç—Å—Ç–≤—É—é—Ç.

–ï—Å–ª–∏ —É –≤–∞—Å –µ—Å—Ç—å –¥—Ä—É–≥–∏–µ –≤–æ–ø—Ä–æ—Å—ã –æ –ø–æ—Å—Ç—É–ø–ª–µ–Ω–∏–∏ –∏–ª–∏ —Å–ø–µ—Ü–∏–∞–ª—å–Ω–æ—Å—Ç—è—Ö, –ø–æ–∂–∞–ª—É–π—Å—Ç–∞, –¥–∞–π—Ç–µ –∑–Ω–∞—Ç—å! üòä",621180215
–ø–æ –∫–∞–∫–∏–º –ø—Ä–µ–¥–º–µ—Ç–∞–º?,"–î–ª—è —Å–ø–µ—Ü–∏–∞–ª—å–Ω–æ—Å—Ç–∏ ""–õ–æ–≥–∏—Å—Ç–∏–∫–∞ –Ω–∞—É–∫–æ–µ–º–∫–æ–≥–æ –ø—Ä–æ–∏–∑–≤–æ–¥—Å—Ç–≤–∞"" (–∫–æ–¥ 27.03.05, –ø—Ä–æ—Ñ–∏–ª—å 03) –≤—Å—Ç—É–ø–∏—Ç–µ–ª—å–Ω—ã–µ —ç–∫–∑–∞–º–µ–Ω—ã –ø–æ —Ä–µ–∑—É–ª—å—Ç–∞—Ç–∞–º –ï–ì–≠ —Å–ª–µ–¥—É—é—â–∏–µ:

1. **–ú–∞—Ç–µ–º–∞—Ç–∏–∫–∞**
2. **–§–∏–∑–∏–∫–∞**
3. **–†—É—Å—Å–∫–∏–π —è–∑—ã–∫**

–ï—Å–ª–∏ —É –≤–∞—Å –µ—Å—Ç—å –¥–æ–ø–æ–ª–Ω–∏—Ç–µ–ª—å–Ω—ã–µ –≤–æ–ø—Ä–æ—Å—ã –æ –ø–æ—Å—Ç—É–ø–ª–µ–Ω–∏–∏ –∏–ª–∏ –¥—Ä—É–≥–∏—Ö –Ω–∞–ø—Ä–∞–≤–ª–µ–Ω–∏—è—Ö –æ–±—É—á–µ–Ω–∏—è, –ø–æ–∂–∞–ª—É–π—Å—Ç–∞, –¥–∞–π—Ç–µ –∑–Ω–∞—Ç—å! üòä",621180215
"–ú–æ–∂–Ω–æ –ª–∏ –ø—Ä–æ–π—Ç–∏ –≤ –í–∞—à –í–£–ó —Å –æ–±—â–∏—Ö –ø—Ä–æ—Ö–æ–¥–Ω—ã–º –±–∞–ª–ª–æ–º, –≤—ã—à–µ –º–∞–∫—Å–∏–º–∞–ª—å–Ω–æ–≥–æ?","–î–æ–±—Ä–æ –ø–æ–∂–∞–ª–æ–≤–∞—Ç—å –≤ –ú–ì–¢–£ –∏–º. –ù.–≠. –ë–∞—É–º–∞–Ω–∞! –ú—ã —Ä–∞–¥—ã, —á—Ç–æ –≤—ã –∏–Ω—Ç–µ—Ä–µ—Å—É–µ—Ç–µ—Å—å –Ω–∞—à–∏–º —É–Ω–∏–≤–µ—Ä—Å–∏—Ç–µ—Ç–æ–º, –æ–¥–Ω–∏–º –∏–∑ –ª—É—á—à–∏—Ö —Ç–µ—Ö–Ω–∏—á–µ—Å–∫–∏—Ö –≤—É–∑–æ–≤ –†–æ—Å—Å–∏–∏.

–ß—Ç–æ –∫–∞—Å–∞–µ—Ç—Å—è –≤–∞—à–µ–≥–æ –≤–æ–ø—Ä–æ—Å–∞, –ø—Ä–æ—Ö–æ–¥–Ω–æ–π –±–∞–ª–ª –æ–ø—Ä–µ–¥–µ–ª—è–µ—Ç—Å—è –Ω–∞ –æ—Å–Ω–æ–≤–µ –∫–æ–Ω–∫—É—Ä—Å–Ω—ã—Ö —Å–ø–∏—Å–∫–æ–≤ –∏ –º–æ–∂–µ—Ç –≤–∞—Ä—å–∏—Ä–æ–≤–∞—Ç—å—Å—è –≤ –∑–∞–≤–∏—Å–∏–º–æ—Å—Ç–∏ –æ—Ç –∫–æ–ª–∏—á–µ—Å—Ç–≤–∞ –ø–æ–¥–∞–Ω–Ω—ã—Ö –∑–∞—è–≤–ª–µ–Ω–∏–π –∏ —Ä–µ–∑—É–ª—å—Ç–∞—Ç–æ–≤ —ç–∫–∑–∞–º–µ–Ω–æ–≤. –ü–æ—ç—Ç–æ–º—É –Ω–µ–≤–æ–∑–º–æ–∂–Ω–æ –ø–æ—Å—Ç—É–ø–∏—Ç—å —Å –±–∞–ª–ª–æ–º, –ø—Ä–µ–≤—ã—à–∞—é—â–∏–º –º–∞–∫—Å–∏–º–∞–ª—å–Ω—ã–π –ø—Ä–æ—Ö–æ–¥–Ω–æ–π –±–∞–ª–ª. 

–ï—Å–ª–∏ —É –≤–∞—Å –µ—Å—Ç—å –¥–æ–ø–æ–ª–Ω–∏—Ç–µ–ª—å–Ω—ã–µ –≤–æ–ø—Ä–æ—Å—ã –∏–ª–∏ –Ω—É–∂–Ω–∞ –ø–æ–º–æ—â—å, –Ω–µ —Å—Ç–µ—Å–Ω—è–π—Ç–µ—Å—å –æ–±—Ä–∞—â–∞—Ç—å—Å—è! –í—ã –º–æ–∂–µ—Ç–µ —Å–≤—è–∑–∞—Ç—å—Å—è —Å –ø—Ä–∏—ë–º–Ω–æ–π –∫–æ–º–∏—Å—Å–∏–µ–π –ø–æ —Ç–µ–ª–µ—Ñ–æ–Ω—É +7 (499) 263-63-91 –∏–ª–∏ –ø–æ —ç–ª–µ–∫—Ç—Ä–æ–Ω–Ω–æ–π –ø–æ—á—Ç–µ <a href=""mailto:pk@bmstu.ru"">pk@bmstu.ru</a>.",572112684
–ü–æ—á–µ–º—É? –û–Ω –≤—ã—à–µ –ø—Ä–æ—Ö–æ–¥–Ω–æ–≥–æ.,"–°–ø–∞—Å–∏–±–æ –∑–∞ –≤–∞—à –≤–æ–ø—Ä–æ—Å! –ü—Ä–æ—Ö–æ–¥–Ω–æ–π –±–∞–ª–ª –æ–ø—Ä–µ–¥–µ–ª—è–µ—Ç—Å—è –Ω–∞ –æ—Å–Ω–æ–≤–µ —Ä–µ–∑—É–ª—å—Ç–∞—Ç–æ–≤ –≤—Å–µ—Ö –∞–±–∏—Ç—É—Ä–∏–µ–Ω—Ç–æ–≤, –∫–æ—Ç–æ—Ä—ã–µ –ø–æ–¥–∞–ª–∏ –¥–æ–∫—É–º–µ–Ω—Ç—ã –Ω–∞ –∫–æ–Ω–∫—Ä–µ—Ç–Ω—É—é —Å–ø–µ—Ü–∏–∞–ª—å–Ω–æ—Å—Ç—å. –ï—Å–ª–∏ –≤–∞—à –±–∞–ª–ª –≤—ã—à–µ –ø—Ä–æ—Ö–æ–¥–Ω–æ–≥–æ, —ç—Ç–æ –æ–∑–Ω–∞—á–∞–µ—Ç, —á—Ç–æ –≤—ã —É—Å–ø–µ—à–Ω–æ –ø—Ä–æ—à–ª–∏ –∫–æ–Ω–∫—É—Ä—Å–Ω—ã–π –æ—Ç–±–æ—Ä –∏ –∏–º–µ–µ—Ç–µ —à–∞–Ω—Å—ã –Ω–∞ –∑–∞—á–∏—Å–ª–µ–Ω–∏–µ.

–û–¥–Ω–∞–∫–æ –≤–∞–∂–Ω–æ –ø–æ–º–Ω–∏—Ç—å, —á—Ç–æ –æ–∫–æ–Ω—á–∞—Ç–µ–ª—å–Ω—ã–π —Å–ø–∏—Å–æ–∫ –∑–∞—á–∏—Å–ª–µ–Ω–Ω—ã—Ö —Ñ–æ—Ä–º–∏—Ä—É–µ—Ç—Å—è –Ω–∞ –æ—Å–Ω–æ–≤–µ –æ–±—â–µ–≥–æ –∫–æ–ª–∏—á–µ—Å—Ç–≤–∞ –º–µ—Å—Ç –∏ —Ä–µ–∑—É–ª—å—Ç–∞—Ç–æ–≤ –¥—Ä—É–≥–∏—Ö –∞–±–∏—Ç—É—Ä–∏–µ–Ω—Ç–æ–≤. –ü–æ—ç—Ç–æ–º—É –¥–∞–∂–µ –ø—Ä–∏ –≤—ã—Å–æ–∫–æ–º –±–∞–ª–ª–µ –Ω–µ–æ–±—Ö–æ–¥–∏–º–æ —É—á–∏—Ç—ã–≤–∞—Ç—å –∫–æ–Ω–∫—É—Ä–µ–Ω—Ü–∏—é. 

–ï—Å–ª–∏ —É –≤–∞—Å –µ—Å—Ç—å –¥–æ–ø–æ–ª–Ω–∏—Ç–µ–ª—å–Ω—ã–µ –≤–æ–ø—Ä–æ—Å—ã –∏–ª–∏ —Ç—Ä–µ–±—É–µ—Ç—Å—è —É—Ç–æ—á–Ω–µ–Ω–∏–µ –∏–Ω—Ñ–æ—Ä–º–∞—Ü–∏–∏, –ø–æ–∂–∞–ª—É–π—Å—Ç–∞, –Ω–µ —Å—Ç–µ—Å–Ω—è–π—Ç–µ—Å—å –æ–±—Ä–∞—â–∞—Ç—å—Å—è –∫ –Ω–∞—à–µ–π –ø—Ä–∏—ë–º–Ω–æ–π –∫–æ–º–∏—Å—Å–∏–∏ –ø–æ —Ç–µ–ª–µ—Ñ–æ–Ω—É +7 (499) 263-63-91 –∏–ª–∏ –ø–æ —ç–ª–µ–∫—Ç—Ä–æ–Ω–Ω–æ–π –ø–æ—á—Ç–µ <a href=""mailto:pk@bmstu.ru"">pk@bmstu.ru</a>. –ú—ã –≤—Å–µ–≥–¥–∞ –≥–æ—Ç–æ–≤—ã –ø–æ–º–æ—á—å!",572112684
"–¢–∞–∫ —è –º–æ–≥—É –ø–æ—Å—Ç—É–ø–∏—Ç—å —Å –ø—Ä–æ—Ö–æ–¥–Ω—ã–º –±–∞–ª–ª–æ–º, –≤—ã—à–µ –º–∞–∫—Å–∏–º–∞–ª—å–Ω–æ–≥–æ –∏–ª–∏ –Ω–µ –º–æ–≥—É? ü§î","–ë–ª–∞–≥–æ–¥–∞—Ä—é –∑–∞ –≤–∞—à –≤–æ–ø—Ä–æ—Å! –ß—Ç–æ–±—ã –ø—Ä–æ—è—Å–Ω–∏—Ç—å —Å–∏—Ç—É–∞—Ü–∏—é: –≤—ã –Ω–µ –º–æ–∂–µ—Ç–µ –ø–æ—Å—Ç—É–ø–∏—Ç—å —Å –±–∞–ª–ª–æ–º, –∫–æ—Ç–æ—Ä—ã–π –ø—Ä–µ–≤—ã—à–∞–µ—Ç –º–∞–∫—Å–∏–º–∞–ª—å–Ω—ã–π –ø—Ä–æ—Ö–æ–¥–Ω–æ–π –±–∞–ª–ª. –ü—Ä–æ—Ö–æ–¥–Ω–æ–π –±–∞–ª–ª —É—Å—Ç–∞–Ω–∞–≤–ª–∏–≤–∞–µ—Ç—Å—è –Ω–∞ –æ—Å–Ω–æ–≤–∞–Ω–∏–∏ –∫–æ–Ω–∫—É—Ä—Å–Ω—ã—Ö —Å–ø–∏—Å–∫–æ–≤ –∏ –º–æ–∂–µ—Ç –≤–∞—Ä—å–∏—Ä–æ–≤–∞—Ç—å—Å—è –≤ –∑–∞–≤–∏—Å–∏–º–æ—Å—Ç–∏ –æ—Ç –∫–æ–ª–∏—á–µ—Å—Ç–≤–∞ –ø–æ–¥–∞–Ω–Ω—ã—Ö –∑–∞—è–≤–ª–µ–Ω–∏–π –∏ —Ä–µ–∑—É–ª—å—Ç–∞—Ç–æ–≤ –¥—Ä—É–≥–∏—Ö –∞–±–∏—Ç—É—Ä–∏–µ–Ω—Ç–æ–≤.

–ï—Å–ª–∏ –≤–∞—à –±–∞–ª–ª –≤—ã—à–µ –ø—Ä–æ—Ö–æ–¥–Ω–æ–≥–æ, —ç—Ç–æ –æ–∑–Ω–∞—á–∞–µ—Ç, —á—Ç–æ —É –≤–∞—Å –µ—Å—Ç—å —Ö–æ—Ä–æ—à–∏–µ —à–∞–Ω—Å—ã –Ω–∞ –∑–∞—á–∏—Å–ª–µ–Ω–∏–µ, –Ω–æ –æ–∫–æ–Ω—á–∞—Ç–µ–ª—å–Ω–æ–µ —Ä–µ—à–µ–Ω–∏–µ –∑–∞–≤–∏—Å–∏—Ç –æ—Ç –æ–±—â–µ–≥–æ –∫–æ–ª–∏—á–µ—Å—Ç–≤–∞ –º–µ—Å—Ç –∏ –∫–æ–Ω–∫—É—Ä–µ–Ω—Ü–∏–∏.

–ï—Å–ª–∏ —É –≤–∞—Å –µ—Å—Ç—å –¥–æ–ø–æ–ª–Ω–∏—Ç–µ–ª—å–Ω—ã–µ –≤–æ–ø—Ä–æ—Å—ã, –ø–æ–∂–∞–ª—É–π—Å—Ç–∞, –Ω–µ —Å—Ç–µ—Å–Ω—è–π—Ç–µ—Å—å –æ–±—Ä–∞—â–∞—Ç—å—Å—è –≤ –ø—Ä–∏—ë–º–Ω—É—é –∫–æ–º–∏—Å—Å–∏—é –ø–æ —Ç–µ–ª–µ—Ñ–æ–Ω—É +7 (499) 263-63-91 –∏–ª–∏ –ø–æ —ç–ª–µ–∫—Ç—Ä–æ–Ω–Ω–æ–π –ø–æ—á—Ç–µ <a href=""mailto:pk@bmstu.ru"">pk@bmstu.ru</a>. –ú—ã –≤—Å–µ–≥–¥–∞ –≥–æ—Ç–æ–≤—ã –ø–æ–º–æ—á—å!",572112684
–ö–∞–∫ –ø–æ—Å—Ç—É–ø–∏—Ç—å?,"–ó–¥—Ä–∞–≤—Å—Ç–≤—É–π—Ç–µ! –†–∞–¥ –ø—Ä–∏–≤–µ—Ç—Å—Ç–≤–æ–≤–∞—Ç—å –≤–∞—Å –Ω–∞ –ø—É—Ç–∏ –∫ –ø–æ—Å—Ç—É–ø–ª–µ–Ω–∏—é –≤ –æ–¥–∏–Ω –∏–∑ –ª—É—á—à–∏—Ö —Ç–µ—Ö–Ω–∏—á–µ—Å–∫–∏—Ö —É–Ω–∏–≤–µ—Ä—Å–∏—Ç–µ—Ç–æ–≤ –†–æ—Å—Å–∏–∏ ‚Äî –ú–ì–¢–£ –∏–º. –ù.–≠. –ë–∞—É–º–∞–Ω–∞! üòä 

–ß—Ç–æ–±—ã –ø–æ—Å—Ç—É–ø–∏—Ç—å, –≤–∞–º –Ω–µ–æ–±—Ö–æ–¥–∏–º–æ –≤—ã–ø–æ–ª–Ω–∏—Ç—å –Ω–µ—Å–∫–æ–ª—å–∫–æ —à–∞–≥–æ–≤:

1. **–ü–æ–¥–≥–æ—Ç–æ–≤—å—Ç–µ –¥–æ–∫—É–º–µ–Ω—Ç—ã**. –í–∞–º –ø–æ–Ω–∞–¥–æ–±—è—Ç—Å—è: –ø–∞—Å–ø–æ—Ä—Ç, –∞—Ç—Ç–µ—Å—Ç–∞—Ç –æ —Å—Ä–µ–¥–Ω–µ–º –æ–±—Ä–∞–∑–æ–≤–∞–Ω–∏–∏ (–∏–ª–∏ –µ–≥–æ –∞–Ω–∞–ª–æ–≥), —Ä–µ–∑—É–ª—å—Ç–∞—Ç—ã –ï–ì–≠, –∞ —Ç–∞–∫–∂–µ —Ñ–æ—Ç–æ–≥—Ä–∞—Ñ–∏–∏.
   
2. **–ü–æ–¥–∞—á–∞ –¥–æ–∫—É–º–µ–Ω—Ç–æ–≤**. –≠—Ç–æ –º–æ–∂–Ω–æ —Å–¥–µ–ª–∞—Ç—å —á–µ—Ä–µ–∑ –ª–∏—á–Ω—ã–π –∫–∞–±–∏–Ω–µ—Ç –Ω–∞ –æ—Ñ–∏—Ü–∏–∞–ª—å–Ω–æ–º —Å–∞–π—Ç–µ —É–Ω–∏–≤–µ—Ä—Å–∏—Ç–µ—Ç–∞ –∏–ª–∏ –æ–±—Ä–∞—Ç–∏—Ç—å—Å—è –≤ –ø—Ä–∏—ë–º–Ω—É—é –∫–æ–º–∏—Å—Å–∏—é.

3. **–£—á–∞—Å—Ç–∏–µ –≤ –∫–æ–Ω–∫—É—Ä—Å–µ**. –ó–∞—á–∏—Å–ª–µ–Ω–∏–µ –æ—Å—É—â–µ—Å—Ç–≤–ª—è–µ—Ç—Å—è –ø–æ —Ä–µ–∑—É–ª—å—Ç–∞—Ç–∞–º –ï–ì–≠ –∏ –∫–æ–Ω–∫—É—Ä—Å–Ω—ã–º –±–∞–ª–ª–∞–º.

4. **–û–∂–∏–¥–∞–Ω–∏–µ —Ä–µ–∑—É–ª—å—Ç–∞—Ç–æ–≤**. –ü–æ—Å–ª–µ –∑–∞–≤–µ—Ä—à–µ–Ω–∏—è –∫–æ–Ω–∫—É—Ä—Å–∞ –≤—ã —Å–º–æ–∂–µ—Ç–µ —É–∑–Ω–∞—Ç—å –æ —Å–≤–æ—ë–º –∑–∞—á–∏—Å–ª–µ–Ω–∏–∏.

–ï—Å–ª–∏ —É –≤–∞—Å –µ—Å—Ç—å –¥–æ–ø–æ–ª–Ω–∏—Ç–µ–ª—å–Ω—ã–µ –≤–æ–ø—Ä–æ—Å—ã –æ –ø—Ä–æ—Ü–µ—Å—Å–µ –ø–æ—Å—Ç—É–ø–ª–µ–Ω–∏—è –∏–ª–∏ —Å–ø–µ—Ü–∏–∞–ª—å–Ω–æ—Å—Ç—è—Ö, –Ω–µ —Å—Ç–µ—Å–Ω—è–π—Ç–µ—Å—å –∑–∞–¥–∞–≤–∞—Ç—å! –¢–∞–∫–∂–µ –≤—ã –º–æ–∂–µ—Ç–µ —Å–≤—è–∑–∞—Ç—å—Å—è —Å –ø—Ä–∏—ë–º–Ω–æ–π –∫–æ–º–∏—Å—Å–∏–µ–π –¥–ª—è –ø–æ–ª—É—á–µ–Ω–∏—è –±–æ–ª–µ–µ –ø–æ–¥—Ä–æ–±–Ω–æ–π –∏–Ω—Ñ–æ—Ä–º–∞—Ü–∏–∏:

<b>–¢–µ–ª–µ—Ñ–æ–Ω:</b> +7 (499) 263-63-91  
<b>Email:</b> <a href=""mailto:pk@bmstu.ru"">pk@bmstu.ru</a>
<b>–û—Ñ–∏—Ü–∏–∞–ª—å–Ω—ã–π —Å–∞–π—Ç:</b> <a href="""">http://vk.com/ab_bmstu1830</a>

–ñ–µ–ª–∞—é —É–¥–∞—á–∏!",621180215
–ü–æ–∫–∞–∂–∏ —Ñ–æ—Ç–æ –º–≥—Ç—É,"–ö —Å–æ–∂–∞–ª–µ–Ω–∏—é, —è –Ω–µ –º–æ–≥—É –ø–æ–∫–∞–∑–∞—Ç—å —Ñ–æ—Ç–æ–≥—Ä–∞—Ñ–∏–∏. –û–¥–Ω–∞–∫–æ –≤—ã –º–æ–∂–µ—Ç–µ –Ω–∞–π—Ç–∏ –∏–∑–æ–±—Ä–∞–∂–µ–Ω–∏—è –ú–ì–¢–£ –∏–º. –ù.–≠. –ë–∞—É–º–∞–Ω–∞ –Ω–∞ –æ—Ñ–∏—Ü–∏–∞–ª—å–Ω–æ–º —Å–∞–π—Ç–µ —É–Ω–∏–≤–µ—Ä—Å–∏—Ç–µ—Ç–∞ –∏–ª–∏ –≤ –ø–æ–∏—Å–∫–æ–≤—ã—Ö —Å–∏—Å—Ç–µ–º–∞—Ö. 

–ï—Å–ª–∏ —É –≤–∞—Å –µ—Å—Ç—å –≤–æ–ø—Ä–æ—Å—ã –æ –ø–æ—Å—Ç—É–ø–ª–µ–Ω–∏–∏, —É—á–µ–±–Ω—ã—Ö –ø—Ä–æ–≥—Ä–∞–º–º–∞—Ö –∏–ª–∏ –¥—Ä—É–≥–∏—Ö –∞—Å–ø–µ–∫—Ç–∞—Ö —É–Ω–∏–≤–µ—Ä—Å–∏—Ç–µ—Ç–∞, –ø–æ–∂–∞–ª—É–π—Å—Ç–∞, –¥–∞–π—Ç–µ –∑–Ω–∞—Ç—å ‚Äî —è —Å —É–¥–æ–≤–æ–ª—å—Å—Ç–≤–∏–µ–º –ø–æ–º–æ–≥—É! üòä",621180215
–ë–∞–ª–ª—ã –Ω–∞ –ø—Ä–∏–∫–ª–∞–¥–Ω–æ–π –∏–Ω—Ñ–æ—Ä–º–∞—Ç–∏–∫–µ,"–ó–¥—Ä–∞–≤—Å—Ç–≤—É–π—Ç–µ! üòä

–ö —Å–æ–∂–∞–ª–µ–Ω–∏—é, –∏–Ω—Ñ–æ—Ä–º–∞—Ü–∏—è –æ –ø—Ä–æ—Ö–æ–¥–Ω—ã—Ö –±–∞–ª–ª–∞—Ö –¥–ª—è —Å–ø–µ—Ü–∏–∞–ª—å–Ω–æ—Å—Ç–∏ ""–ü—Ä–∏–∫–ª–∞–¥–Ω–∞—è –∏–Ω—Ñ–æ—Ä–º–∞—Ç–∏–∫–∞"" –≤ –ú–ì–¢–£ –∏–º. –ù.–≠. –ë–∞—É–º–∞–Ω–∞ –Ω–µ –±—ã–ª–∞ —É–∫–∞–∑–∞–Ω–∞. –û–¥–Ω–∞–∫–æ, –µ—Å–ª–∏ –≤–∞—Å –∏–Ω—Ç–µ—Ä–µ—Å—É–µ—Ç —Å–ø–µ—Ü–∏–∞–ª—å–Ω–æ—Å—Ç—å ""–¢–µ–æ—Ä–µ—Ç–∏—á–µ—Å–∫–∞—è –∏ –ø—Ä–∏–∫–ª–∞–¥–Ω–∞—è –ª–∏–Ω–≥–≤–∏—Å—Ç–∏–∫–∞"" (–∫–æ–¥ 45.03.02, –ø—Ä–æ—Ñ–∏–ª—å 01), —Ç–æ –≤ 2024 –≥–æ–¥—É –ø—Ä–æ—Ö–æ–¥–Ω–æ–π –±–∞–ª–ª –¥–ª—è –ø–ª–∞—Ç–Ω–æ–≥–æ –æ–±—É—á–µ–Ω–∏—è —Å–æ—Å—Ç–∞–≤–∏–ª **191** –±–∞–ª–ª, –∞ –≤ 2023 –≥–æ–¥—É ‚Äî **173** –±–∞–ª–ª–∞. –ù–∞ –±—é–¥–∂–µ—Ç–Ω—ã–µ –º–µ—Å—Ç–∞ –ø—Ä–æ—Ö–æ–¥–Ω—ã–µ –±–∞–ª–ª—ã –ø–æ–∫–∞ –Ω–µ –æ–ø—Ä–µ–¥–µ–ª–µ–Ω—ã.

–ï—Å–ª–∏ —É –≤–∞—Å –µ—Å—Ç—å –≤–æ–ø—Ä–æ—Å—ã –æ –¥—Ä—É–≥–∏—Ö –Ω–∞–ø—Ä–∞–≤–ª–µ–Ω–∏—è—Ö –∏–ª–∏ –Ω–µ–æ–±—Ö–æ–¥–∏–º–∞ –¥–æ–ø–æ–ª–Ω–∏—Ç–µ–ª—å–Ω–∞—è –∏–Ω—Ñ–æ—Ä–º–∞—Ü–∏—è –æ –ø–æ—Å—Ç—É–ø–ª–µ–Ω–∏–∏, –ø–æ–∂–∞–ª—É–π—Å—Ç–∞, –¥–∞–π—Ç–µ –∑–Ω–∞—Ç—å! –í—ã —Ç–∞–∫–∂–µ –º–æ–∂–µ—Ç–µ –æ–±—Ä–∞—Ç–∏—Ç—å—Å—è –≤ –ø—Ä–∏—ë–º–Ω—É—é –∫–æ–º–∏—Å—Å–∏—é.

<b>–¢–µ–ª–µ—Ñ–æ–Ω:</b> +7 (499) 263-63-91  
<b>Email:</b> <a href=""mailto:pk@bmstu.ru"">pk@bmstu.ru</a>
<b>–û—Ñ–∏—Ü–∏–∞–ª—å–Ω—ã–π —Å–∞–π—Ç:</b> <a href="""">http://vk.com/ab_bmstu1830</a>",1663583306
–ö–∞–∫–∏–µ –¥–æ–∫—É–º–µ–Ω—Ç—ã –Ω–∞–¥–æ –ø—Ä–∏–Ω–µ—Å—Ç–∏ —Å —Å–æ–±–æ–π –≤ –∏–Ω—Å—Ç–∏—Ç—É—Ç?,"–î–ª—è –ø–æ—Å—Ç—É–ø–ª–µ–Ω–∏—è –≤ –ú–ì–¢–£ –∏–º. –ù.–≠. –ë–∞—É–º–∞–Ω–∞ –≤–∞–º –ø–æ–Ω–∞–¥–æ–±—è—Ç—Å—è —Å–ª–µ–¥—É—é—â–∏–µ –¥–æ–∫—É–º–µ–Ω—Ç—ã:

1. <b>–î–æ–∫—É–º–µ–Ω—Ç –æ —Å—Ä–µ–¥–Ω–µ–º –æ–±—â–µ–º –æ–±—Ä–∞–∑–æ–≤–∞–Ω–∏–∏</b> –∏–ª–∏ <b>—Å—Ä–µ–¥–Ω–µ–º –ø—Ä–æ—Ñ–µ—Å—Å–∏–æ–Ω–∞–ª—å–Ω–æ–º –æ–±—Ä–∞–∑–æ–≤–∞–Ω–∏–∏</b> (–∞—Ç—Ç–µ—Å—Ç–∞—Ç –∏–ª–∏ –¥–∏–ø–ª–æ–º).
2. <b>–°–ø—Ä–∞–≤–∫–∞ –æ–± —É—Å–ø–µ—à–Ω–æ–π —Å–¥–∞—á–µ –ï–ì–≠</b> (–µ—Å–ª–∏ –≤—ã –ø–æ—Å—Ç—É–ø–∞–µ—Ç–µ –Ω–∞ –æ—Å–Ω–æ–≤–µ —Ä–µ–∑—É–ª—å—Ç–∞—Ç–æ–≤ –ï–ì–≠).
3. <b>–§–æ—Ç–æ–≥—Ä–∞—Ñ–∏–∏</b> (—Ä–∞–∑–º–µ—Ä–æ–º 3—Ö4 —Å–º, –∫–æ–ª–∏—á–µ—Å—Ç–≤–æ —É—Ç–æ—á–Ω—è–π—Ç–µ –≤ –ø—Ä–∏—ë–º–Ω–æ–π –∫–æ–º–∏—Å—Å–∏–∏).
4. <b>–ö–æ–ø–∏—è –ø–∞—Å–ø–æ—Ä—Ç–∞</b>.
5. <b>–ó–∞—è–≤–ª–µ–Ω–∏–µ –æ –ø—Ä–∏—ë–º–µ</b> (—Ñ–æ—Ä–º—É –º–æ–∂–Ω–æ –ø–æ–ª—É—á–∏—Ç—å –≤ –ø—Ä–∏—ë–º–Ω–æ–π –∫–æ–º–∏—Å—Å–∏–∏).

–û–±—Ä–∞—Ç–∏—Ç–µ –≤–Ω–∏–º–∞–Ω–∏–µ, —á—Ç–æ —Å–ø–∏—Å–æ–∫ –¥–æ–∫—É–º–µ–Ω—Ç–æ–≤ –º–æ–∂–µ—Ç –≤–∞—Ä—å–∏—Ä–æ–≤–∞—Ç—å—Å—è –≤ –∑–∞–≤–∏—Å–∏–º–æ—Å—Ç–∏ –æ—Ç –∫–æ–Ω–∫—Ä–µ—Ç–Ω–æ–π –ø—Ä–æ–≥—Ä–∞–º–º—ã –∏ –≥–æ–¥–∞ –ø–æ—Å—Ç—É–ø–ª–µ–Ω–∏—è, –ø–æ—ç—Ç–æ–º—É —Ä–µ–∫–æ–º–µ–Ω–¥—É—é —É—Ç–æ—á–Ω–∏—Ç—å –∏–Ω—Ñ–æ—Ä–º–∞—Ü–∏—é –Ω–∞ <b>–æ—Ñ–∏—Ü–∏–∞–ª—å–Ω–æ–º —Å–∞–π—Ç–µ</b> –∏–ª–∏ —Å–≤—è–∑–∞—Ç—å—Å—è —Å –ø—Ä–∏—ë–º–Ω–æ–π –∫–æ–º–∏—Å—Å–∏–µ–π.

–ï—Å–ª–∏ —É –≤–∞—Å –µ—Å—Ç—å –¥–æ–ø–æ–ª–Ω–∏—Ç–µ–ª—å–Ω—ã–µ –≤–æ–ø—Ä–æ—Å—ã, —è —Å —Ä–∞–¥–æ—Å—Ç—å—é –ø–æ–º–æ–≥—É! üòä",948996424
–∫–∞–∫–æ–π –ø—Ä–æ—Ö–æ–¥–Ω–æ–π –±–∞–ª–ª –Ω–∞ –±—é–¥–∂–µ—Ç –≤ 2023 –≥–æ–¥—É –Ω–∞ –Ω–∞–ø—Ä–∞–≤–ª–µ–Ω–∏–µ –£–ø—Ä–∞–≤–ª–µ–Ω–∏–µ –≤ —Ç–µ—Ö–Ω–∏—á–µ—Å–∫–∏—Ö —Å–∏—Å—Ç–µ–º–∞—Ö,"–ü—Ä–æ—Ö–æ–¥–Ω–æ–π –±–∞–ª–ª –Ω–∞ –±—é–¥–∂–µ—Ç –≤ 2023 –≥–æ–¥—É –Ω–∞ –Ω–∞–ø—Ä–∞–≤–ª–µ–Ω–∏–µ <b>–£–ø—Ä–∞–≤–ª–µ–Ω–∏–µ –≤ —Ç–µ—Ö–Ω–∏—á–µ—Å–∫–∏—Ö —Å–∏—Å—Ç–µ–º–∞—Ö</b> —Å–æ—Å—Ç–∞–≤–ª—è–µ—Ç <b>220</b> –±–∞–ª–ª–æ–≤. 

–ï—Å–ª–∏ —É –≤–∞—Å –µ—Å—Ç—å –¥—Ä—É–≥–∏–µ –≤–æ–ø—Ä–æ—Å—ã –æ –ø–æ—Å—Ç—É–ø–ª–µ–Ω–∏–∏ –∏–ª–∏ –æ–±—Ä–∞–∑–æ–≤–∞—Ç–µ–ª—å–Ω—ã—Ö –ø—Ä–æ–≥—Ä–∞–º–º–∞—Ö, –Ω–µ —Å—Ç–µ—Å–Ω—è–π—Ç–µ—Å—å —Å–ø—Ä–∞—à–∏–≤–∞—Ç—å!",948996424
–∫–∞–∫–æ–π –ø—Ä–æ—Ö–æ–¥–Ω–æ–π –±–∞–ª–ª –Ω–∞ –±—é–¥–∂–µ—Ç –≤ 2023 –≥–æ–¥—É –Ω–∞ –Ω–∞–ø—Ä–∞–≤–ª–µ–Ω–∏–µ –£–ø—Ä–∞–≤–ª–µ–Ω–∏–µ –≤ —Ç–µ—Ö–Ω–∏—á–µ—Å–∫–∏—Ö —Å–∏—Å—Ç–µ–º–∞—Ö,"–ü—Ä–æ—Ö–æ–¥–Ω–æ–π –±–∞–ª–ª –Ω–∞ –±—é–¥–∂–µ—Ç –≤ 2023 –≥–æ–¥—É –Ω–∞ –Ω–∞–ø—Ä–∞–≤–ª–µ–Ω–∏–µ <b>–£–ø—Ä–∞–≤–ª–µ–Ω–∏–µ –≤ —Ç–µ—Ö–Ω–∏—á–µ—Å–∫–∏—Ö —Å–∏—Å—Ç–µ–º–∞—Ö</b> —Å–æ—Å—Ç–∞–≤–ª—è–µ—Ç <b>220</b> –±–∞–ª–ª–æ–≤. 

–ï—Å–ª–∏ —É –≤–∞—Å –µ—Å—Ç—å –¥–æ–ø–æ–ª–Ω–∏—Ç–µ–ª—å–Ω—ã–µ –≤–æ–ø—Ä–æ—Å—ã –æ –ø–æ—Å—Ç—É–ø–ª–µ–Ω–∏–∏ –∏–ª–∏ –æ–±—Ä–∞–∑–æ–≤–∞—Ç–µ–ª—å–Ω—ã—Ö –ø—Ä–æ–≥—Ä–∞–º–º–∞—Ö, –ø–æ–∂–∞–ª—É–π—Å—Ç–∞, –¥–∞–π—Ç–µ –∑–Ω–∞—Ç—å!",948996424
