question,answer_bot
–∫–∞–∫–æ–π –ø—Ä–æ—Ö–æ–¥–Ω–æ–π –±–∞–ª–ª –Ω–∞ –±—é–¥–∂–µ—Ç –≤ 2023 –≥–æ–¥—É –Ω–∞ –Ω–∞–ø—Ä–∞–≤–ª–µ–Ω–∏–µ –ü—Ä–æ–≥—Ä–∞–º–º–Ω–∞—è –∏–Ω–∂–µ–Ω–µ—Ä–∏—è,"–î–ª—è –Ω–∞–ø—Ä–∞–≤–ª–µ–Ω–∏—è <b>–ü—Ä–æ–≥—Ä–∞–º–º–Ω–æ–µ –æ–±–µ—Å–ø–µ—á–µ–Ω–∏–µ —Å–∏—Å—Ç–µ–º –∏—Å–∫—É—Å—Å—Ç–≤–µ–Ω–Ω–æ–≥–æ –∏–Ω—Ç–µ–ª–ª–µ–∫—Ç–∞</b> (–∫–æ–¥ 09.03.04, –ø—Ä–æ—Ñ–∏–ª—å 02) –Ω–∞ —Ñ–∞–∫—É–ª—å—Ç–µ—Ç–µ –ò–£7 –≤ 2023 –≥–æ–¥—É –ø—Ä–æ—Ö–æ–¥–Ω–æ–π –±–∞–ª–ª –Ω–∞ –±—é–¥–∂–µ—Ç —Å–æ—Å—Ç–∞–≤–∏–ª <b>265</b> –±–∞–ª–ª–æ–≤. 

–ï—Å–ª–∏ —É –≤–∞—Å –µ—Å—Ç—å –¥–æ–ø–æ–ª–Ω–∏—Ç–µ–ª—å–Ω—ã–µ –≤–æ–ø—Ä–æ—Å—ã –∏–ª–∏ –Ω—É–∂–Ω–∞ –ø–æ–º–æ—â—å —Å –ø–æ—Å—Ç—É–ø–ª–µ–Ω–∏–µ–º, –Ω–µ —Å—Ç–µ—Å–Ω—è–π—Ç–µ—Å—å –æ–±—Ä–∞—â–∞—Ç—å—Å—è! üòä"
–∫–∞–∫–æ–π –ø—Ä–æ—Ö–æ–¥–Ω–æ–π –±–∞–ª–ª –Ω–∞ –±—é–¥–∂–µ—Ç –≤ 2023 –≥–æ–¥—É –Ω–∞ –Ω–∞–ø—Ä–∞–≤–ª–µ–Ω–∏–µ –£–ø—Ä–∞–≤–ª–µ–Ω–∏–µ –≤ —Ç–µ—Ö–Ω–∏—á–µ—Å–∫–∏—Ö —Å–∏—Å—Ç–µ–º–∞—Ö,"–ù–∞ –Ω–∞–ø—Ä–∞–≤–ª–µ–Ω–∏–µ <b>–£–ø—Ä–∞–≤–ª–µ–Ω–∏–µ –≤ —Ç–µ—Ö–Ω–∏—á–µ—Å–∫–∏—Ö —Å–∏—Å—Ç–µ–º–∞—Ö</b> –≤ 2023 –≥–æ–¥—É –ø—Ä–æ—Ö–æ–¥–Ω–æ–π –±–∞–ª–ª –Ω–∞ –±—é–¥–∂–µ—Ç —Å–æ—Å—Ç–∞–≤–∏–ª <b>220</b> –±–∞–ª–ª–æ–≤. 

–ï—Å–ª–∏ —É –≤–∞—Å –µ—Å—Ç—å –¥–æ–ø–æ–ª–Ω–∏—Ç–µ–ª—å–Ω—ã–µ –≤–æ–ø—Ä–æ—Å—ã –æ –ø–æ—Å—Ç—É–ø–ª–µ–Ω–∏–∏ –∏–ª–∏ –¥—Ä—É–≥–∏—Ö –Ω–∞–ø—Ä–∞–≤–ª–µ–Ω–∏—è—Ö –æ–±—É—á–µ–Ω–∏—è, –Ω–µ —Å—Ç–µ—Å–Ω—è–π—Ç–µ—Å—å —Å–ø—Ä–∞—à–∏–≤–∞—Ç—å! üòä"
"–Ø –ø—Ä–æ–≥—Ä–∞–º–º–∏—Å—Ç, –≤ –∫–∞–∫–æ–µ –ø—Ä–µ–¥–ø—Ä–∏—è—Ç–∏–µ –º–Ω–µ –∏–¥—Ç–∏","–ó–¥—Ä–∞–≤—Å—Ç–≤—É–π—Ç–µ! –†–∞–¥ –ø—Ä–∏–≤–µ—Ç—Å—Ç–≤–æ–≤–∞—Ç—å –≤–∞—Å –∏ –ø–æ–º–æ—á—å —Å –∏–Ω—Ñ–æ—Ä–º–∞—Ü–∏–µ–π –æ –ø–æ—Å—Ç—É–ø–ª–µ–Ω–∏–∏ –≤ –ú–ì–¢–£ –∏–º. –ù.–≠. –ë–∞—É–º–∞–Ω–∞, –æ–¥–Ω–æ–º –∏–∑ –ª—É—á—à–∏—Ö —Ç–µ—Ö–Ω–∏—á–µ—Å–∫–∏—Ö —É–Ω–∏–≤–µ—Ä—Å–∏—Ç–µ—Ç–æ–≤ –†–æ—Å—Å–∏–∏! üòä

–ö —Å–æ–∂–∞–ª–µ–Ω–∏—é, —è –Ω–µ –º–æ–≥—É –¥–∞—Ç—å —Ä–µ–∫–æ–º–µ–Ω–¥–∞—Ü–∏–∏ –ø–æ –ø–æ–≤–æ–¥—É –∫–æ–Ω–∫—Ä–µ—Ç–Ω—ã—Ö –ø—Ä–µ–¥–ø—Ä–∏—è—Ç–∏–π –¥–ª—è –ø—Ä–æ–≥—Ä–∞–º–º–∏—Å—Ç–æ–≤. –û–¥–Ω–∞–∫–æ, –µ—Å–ª–∏ –≤—ã —Ö–æ—Ç–∏—Ç–µ —É–∑–Ω–∞—Ç—å –æ –Ω–∞–ø—Ä–∞–≤–ª–µ–Ω–∏—è—Ö –æ–±—É—á–µ–Ω–∏—è, —Å–≤—è–∑–∞–Ω–Ω—ã—Ö —Å –ø—Ä–æ–≥—Ä–∞–º–º–∏—Ä–æ–≤–∞–Ω–∏–µ–º –∏ –∏–Ω—Ñ–æ—Ä–º–∞—Ü–∏–æ–Ω–Ω—ã–º–∏ —Ç–µ—Ö–Ω–æ–ª–æ–≥–∏—è–º–∏, –ø–æ–∂–∞–ª—É–π—Å—Ç–∞, –¥–∞–π—Ç–µ –∑–Ω–∞—Ç—å, –∏ —è —Ä–∞—Å—Å–∫–∞–∂—É –æ–± —ç—Ç–æ–º –ø–æ–¥—Ä–æ–±–Ω–µ–µ!"
–ö–∞–∫–∏–µ –µ—Å—Ç—å –Ω–∞–ø—Ä–∞–≤–ª–µ–Ω–∏—è –Ω–∞ —Ñ–∞–∫—É–ª—å—Ç–µ—Ç–µ –ò–£,"–ù–∞ —Ñ–∞–∫—É–ª—å—Ç–µ—Ç–µ –∏–Ω—Ñ–æ—Ä–º–∞—Ü–∏–æ–Ω–Ω—ã—Ö —Ç–µ—Ö–Ω–æ–ª–æ–≥–∏–π –∏ —É–ø—Ä–∞–≤–ª–µ–Ω–∏—è (–ò–£) –ú–ì–¢–£ –∏–º. –ù.–≠. –ë–∞—É–º–∞–Ω–∞ –æ–¥–Ω–æ –∏–∑ –Ω–∞–ø—Ä–∞–≤–ª–µ–Ω–∏–π ‚Äî —ç—Ç–æ **–°–∏—Å—Ç–µ–º—ã —É–ø—Ä–∞–≤–ª–µ–Ω–∏—è —Ä–∞–∫–µ—Ç** (–∫–æ–¥ 24.05.06, –ø—Ä–æ—Ñ–∏–ª—å 02).

<b>–û–ø–∏—Å–∞–Ω–∏–µ –ø—Ä–æ–≥—Ä–∞–º–º—ã:</b> –û–±—Ä–∞–∑–æ–≤–∞—Ç–µ–ª—å–Ω–∞—è –ø—Ä–æ–≥—Ä–∞–º–º–∞ –æ—Ä–∏–µ–Ω—Ç–∏—Ä–æ–≤–∞–Ω–∞ –Ω–∞ –ø–æ–¥–≥–æ—Ç–æ–≤–∫—É –∏–Ω–∂–µ–Ω–µ—Ä–æ–≤ ‚Äî —Å–ø–µ—Ü–∏–∞–ª–∏—Å—Ç–æ–≤ –ø–æ –ø—Ä–æ–µ–∫—Ç–∏—Ä–æ–≤–∞–Ω–∏—é, —Ä–∞–∑—Ä–∞–±–æ—Ç–∫–µ –∏ —Ç–µ—Å—Ç–∏—Ä–æ–≤–∞–Ω–∏—é —Å–∏—Å—Ç–µ–º —É–ø—Ä–∞–≤–ª–µ–Ω–∏—è –ª–µ—Ç–∞—Ç–µ–ª—å–Ω—ã—Ö –∞–ø–ø–∞—Ä–∞—Ç–æ–≤ –≤ –∞—Ç–º–æ—Å—Ñ–µ—Ä–µ. –°—Ç—É–¥–µ–Ω—Ç—ã —Ä–∞–±–æ—Ç–∞—é—Ç —Å —Ä–∞–∑–ª–∏—á–Ω—ã–º–∏ –≤–∏–¥–∞–º–∏ —Å–∞–º–æ–ª—ë—Ç–æ–≤, –≤–µ—Ä—Ç–æ–ª—ë—Ç–æ–≤, –∫—Ä—ã–ª–∞—Ç—ã—Ö —Ä–∞–∫–µ—Ç –∏ –±–µ—Å–ø–∏–ª–æ—Ç–Ω—ã—Ö –ª–µ—Ç–∞—Ç–µ–ª—å–Ω—ã—Ö –∞–ø–ø–∞—Ä–∞—Ç–æ–≤, –≤–∫–ª—é—á–∞—è –∫–≤–∞–¥—Ä–æ–∫–æ–ø—Ç–µ—Ä—ã.

<b>–ü—Ä–æ—Ö–æ–¥–Ω—ã–µ –±–∞–ª–ª—ã:</b>
- –î–ª—è –±—é–¥–∂–µ—Ç–Ω–æ–≥–æ –æ–±—É—á–µ–Ω–∏—è –≤ 2024 –≥–æ–¥—É ‚Äî <u>259</u>, –≤ 2023 –≥–æ–¥—É ‚Äî <u>231</u>.
- –î–ª—è –ø–ª–∞—Ç–Ω–æ–≥–æ –æ–±—É—á–µ–Ω–∏—è –≤ 2024 –≥–æ–¥—É ‚Äî <u>200</u>, –≤ 2023 –≥–æ–¥—É ‚Äî <u>0</u>.

–ï—Å–ª–∏ —É –≤–∞—Å –µ—Å—Ç—å –¥–æ–ø–æ–ª–Ω–∏—Ç–µ–ª—å–Ω—ã–µ –≤–æ–ø—Ä–æ—Å—ã –æ –¥—Ä—É–≥–∏—Ö –Ω–∞–ø—Ä–∞–≤–ª–µ–Ω–∏—è—Ö –∏–ª–∏ –ø—Ä–æ—Ü–µ—Å—Å–∞—Ö –ø–æ—Å—Ç—É–ø–ª–µ–Ω–∏—è, –Ω–µ —Å—Ç–µ—Å–Ω—è–π—Ç–µ—Å—å —Å–ø—Ä–∞—à–∏–≤–∞—Ç—å! üòä"
–∞ –ö—É–≤–∏–∫–æ–≤ –í–ª–∞–¥–∏–º–∏—Ä –ò–ª—å–∏—á –º–æ–∂–µ—Ç –ø–æ—Å—Ç—É–ø–∏—Ç—å –≤ –ú–ì–¢–£?,"–ó–¥—Ä–∞–≤—Å—Ç–≤—É–π—Ç–µ! –î–ª—è —Ç–æ–≥–æ —á—Ç–æ–±—ã –ö—É–≤–∏–∫–æ–≤ –í–ª–∞–¥–∏–º–∏—Ä –ò–ª—å–∏—á –º–æ–≥ –ø–æ—Å—Ç—É–ø–∏—Ç—å –≤ –ú–ì–¢–£ –∏–º. –ù.–≠. –ë–∞—É–º–∞–Ω–∞, –µ–º—É –Ω–µ–æ–±—Ö–æ–¥–∏–º–æ –∏–º–µ—Ç—å –¥–æ–∫—É–º–µ–Ω—Ç –æ —Å—Ä–µ–¥–Ω–µ–º –æ–±—â–µ–º –æ–±—Ä–∞–∑–æ–≤–∞–Ω–∏–∏ –∏–ª–∏ —Å—Ä–µ–¥–Ω–µ–º –ø—Ä–æ—Ñ–µ—Å—Å–∏–æ–Ω–∞–ª—å–Ω–æ–º –æ–±—Ä–∞–∑–æ–≤–∞–Ω–∏–∏, –∞ —Ç–∞–∫–∂–µ –ø—Ä–æ–π—Ç–∏ –ï–¥–∏–Ω—ã–π –≥–æ—Å—É–¥–∞—Ä—Å—Ç–≤–µ–Ω–Ω—ã–π —ç–∫–∑–∞–º–µ–Ω (–ï–ì–≠) —Å –Ω–µ–æ–±—Ö–æ–¥–∏–º—ã–º–∏ –±–∞–ª–ª–∞–º–∏.

–ï—Å–ª–∏ —É –Ω–µ–≥–æ –µ—Å—Ç—å –≤–æ–ø—Ä–æ—Å—ã –ø–æ –ø–æ–≤–æ–¥—É –∫–æ–Ω–∫—Ä–µ—Ç–Ω—ã—Ö –Ω–∞–ø—Ä–∞–≤–ª–µ–Ω–∏–π, —ç–∫–∑–∞–º–µ–Ω–æ–≤ –∏ –ø—Ä–æ—Ö–æ–¥–Ω—ã—Ö –±–∞–ª–ª–æ–≤, –ø–æ–∂–∞–ª—É–π—Å—Ç–∞, –¥–∞–π—Ç–µ –∑–Ω–∞—Ç—å! –í—ã —Ç–∞–∫–∂–µ –º–æ–∂–µ—Ç–µ –æ–±—Ä–∞—Ç–∏—Ç—å—Å—è –≤ –ø—Ä–∏—ë–º–Ω—É—é –∫–æ–º–∏—Å—Å–∏—é –¥–ª—è –ø–æ–ª—É—á–µ–Ω–∏—è –±–æ–ª–µ–µ –¥–µ—Ç–∞–ª—å–Ω–æ–π –∏–Ω—Ñ–æ—Ä–º–∞—Ü–∏–∏.

<b>–û—Ñ–∏—Ü–∏–∞–ª—å–Ω—ã–π —Å–∞–π—Ç:</b> <a href=""http://vk.com/ab_bmstu1830"">http://vk.com/ab_bmstu1830</a>
<b>–¢–µ–ª–µ—Ñ–æ–Ω:</b> +7 (499) 263-63-91  
<b>Email:</b> <a href=""mailto:pk@bmstu.ru"">pk@bmstu.ru</a>

–ñ–µ–ª–∞—é —É–¥–∞—á–∏ –≤ –ø–æ—Å—Ç—É–ø–ª–µ–Ω–∏–∏!"
"–¢–∞–∫ —è –º–æ–≥—É –ø–æ—Å—Ç—É–ø–∏—Ç—å —Å –ø—Ä–æ—Ö–æ–¥–Ω—ã–º –±–∞–ª–ª–æ–º, –≤—ã—à–µ –º–∞–∫—Å–∏–º–∞–ª—å–Ω–æ–≥–æ –∏–ª–∏ –Ω–µ –º–æ–≥—É? ü§î","–ë–ª–∞–≥–æ–¥–∞—Ä—é –∑–∞ –≤–∞—à –≤–æ–ø—Ä–æ—Å! –ß—Ç–æ–±—ã –ø—Ä–æ—è—Å–Ω–∏—Ç—å —Å–∏—Ç—É–∞—Ü–∏—é: –≤—ã –Ω–µ –º–æ–∂–µ—Ç–µ –ø–æ—Å—Ç—É–ø–∏—Ç—å —Å –±–∞–ª–ª–æ–º, –∫–æ—Ç–æ—Ä—ã–π –ø—Ä–µ–≤—ã—à–∞–µ—Ç –º–∞–∫—Å–∏–º–∞–ª—å–Ω—ã–π –ø—Ä–æ—Ö–æ–¥–Ω–æ–π –±–∞–ª–ª. –ü—Ä–æ—Ö–æ–¥–Ω–æ–π –±–∞–ª–ª —É—Å—Ç–∞–Ω–∞–≤–ª–∏–≤–∞–µ—Ç—Å—è –Ω–∞ –æ—Å–Ω–æ–≤–∞–Ω–∏–∏ –∫–æ–Ω–∫—É—Ä—Å–Ω—ã—Ö —Å–ø–∏—Å–∫–æ–≤ –∏ –º–æ–∂–µ—Ç –≤–∞—Ä—å–∏—Ä–æ–≤–∞—Ç—å—Å—è –≤ –∑–∞–≤–∏—Å–∏–º–æ—Å—Ç–∏ –æ—Ç –∫–æ–ª–∏—á–µ—Å—Ç–≤–∞ –ø–æ–¥–∞–Ω–Ω—ã—Ö –∑–∞—è–≤–ª–µ–Ω–∏–π –∏ —Ä–µ–∑—É–ª—å—Ç–∞—Ç–æ–≤ –¥—Ä—É–≥–∏—Ö –∞–±–∏—Ç—É—Ä–∏–µ–Ω—Ç–æ–≤.

–ï—Å–ª–∏ –≤–∞—à –±–∞–ª–ª –≤—ã—à–µ –ø—Ä–æ—Ö–æ–¥–Ω–æ–≥–æ, —ç—Ç–æ –æ–∑–Ω–∞—á–∞–µ—Ç, —á—Ç–æ —É –≤–∞—Å –µ—Å—Ç—å —Ö–æ—Ä–æ—à–∏–µ —à–∞–Ω—Å—ã –Ω–∞ –∑–∞—á–∏—Å–ª–µ–Ω–∏–µ, –Ω–æ –æ–∫–æ–Ω—á–∞—Ç–µ–ª—å–Ω–æ–µ —Ä–µ—à–µ–Ω–∏–µ –∑–∞–≤–∏—Å–∏—Ç –æ—Ç –æ–±—â–µ–≥–æ –∫–æ–ª–∏—á–µ—Å—Ç–≤–∞ –º–µ—Å—Ç –∏ –∫–æ–Ω–∫—É—Ä–µ–Ω—Ü–∏–∏.

–ï—Å–ª–∏ —É –≤–∞—Å –µ—Å—Ç—å –¥–æ–ø–æ–ª–Ω–∏—Ç–µ–ª—å–Ω—ã–µ –≤–æ–ø—Ä–æ—Å—ã, –ø–æ–∂–∞–ª—É–π—Å—Ç–∞, –Ω–µ —Å—Ç–µ—Å–Ω—è–π—Ç–µ—Å—å –æ–±—Ä–∞—â–∞—Ç—å—Å—è –≤ –ø—Ä–∏—ë–º–Ω—É—é –∫–æ–º–∏—Å—Å–∏—é –ø–æ —Ç–µ–ª–µ—Ñ–æ–Ω—É +7 (499) 263-63-91 –∏–ª–∏ –ø–æ —ç–ª–µ–∫—Ç—Ä–æ–Ω–Ω–æ–π –ø–æ—á—Ç–µ <a href=""mailto:pk@bmstu.ru"">pk@bmstu.ru</a>. –ú—ã –≤—Å–µ–≥–¥–∞ –≥–æ—Ç–æ–≤—ã –ø–æ–º–æ—á—å!"
üëã –ü–æ–∑–¥–æ—Ä–æ–≤–∞—Ç—å—Å—è,"–ó–¥—Ä–∞–≤—Å—Ç–≤—É–π—Ç–µ! üëã –†–∞–¥—ã –ø—Ä–∏–≤–µ—Ç—Å—Ç–≤–æ–≤–∞—Ç—å –≤–∞—Å –Ω–∞ —Å–∞–π—Ç–µ –ú–ì–¢–£ –∏–º. –ù.–≠. –ë–∞—É–º–∞–Ω–∞ ‚Äî –æ–¥–Ω–æ–≥–æ –∏–∑ —Å–∞–º—ã—Ö –ø—Ä–µ—Å—Ç–∏–∂–Ω—ã—Ö —Ç–µ—Ö–Ω–∏—á–µ—Å–∫–∏—Ö —É–Ω–∏–≤–µ—Ä—Å–∏—Ç–µ—Ç–æ–≤ –†–æ—Å—Å–∏–∏! –ï—Å–ª–∏ —É –≤–∞—Å –µ—Å—Ç—å –≤–æ–ø—Ä–æ—Å—ã –æ –ø–æ—Å—Ç—É–ø–ª–µ–Ω–∏–∏, –¥–æ–∫—É–º–µ–Ω—Ç–∞—Ö –∏–ª–∏ –æ–±—Ä–∞–∑–æ–≤–∞—Ç–µ–ª—å–Ω—ã—Ö –ø—Ä–æ–≥—Ä–∞–º–º–∞—Ö, —è —Å —É–¥–æ–≤–æ–ª—å—Å—Ç–≤–∏–µ–º –ø–æ–º–æ–≥—É –≤–∞–º. –ù–µ —Å—Ç–µ—Å–Ω—è–π—Ç–µ—Å—å –∑–∞–¥–∞–≤–∞—Ç—å –≤–æ–ø—Ä–æ—Å—ã!"
–ë–∞–ª–ª—ã –Ω–∞ –ø—Ä–∏–∫–ª–∞–¥–Ω–æ–π –∏–Ω—Ñ–æ—Ä–º–∞—Ç–∏–∫–µ,"–ó–¥—Ä–∞–≤—Å—Ç–≤—É–π—Ç–µ! üòä

–ö —Å–æ–∂–∞–ª–µ–Ω–∏—é, –∏–Ω—Ñ–æ—Ä–º–∞—Ü–∏—è –æ –ø—Ä–æ—Ö–æ–¥–Ω—ã—Ö –±–∞–ª–ª–∞—Ö –¥–ª—è —Å–ø–µ—Ü–∏–∞–ª—å–Ω–æ—Å—Ç–∏ ""–ü—Ä–∏–∫–ª–∞–¥–Ω–∞—è –∏–Ω—Ñ–æ—Ä–º–∞—Ç–∏–∫–∞"" –≤ –ú–ì–¢–£ –∏–º. –ù.–≠. –ë–∞—É–º–∞–Ω–∞ –Ω–µ –±—ã–ª–∞ —É–∫–∞–∑–∞–Ω–∞. –û–¥–Ω–∞–∫–æ, –µ—Å–ª–∏ –≤–∞—Å –∏–Ω—Ç–µ—Ä–µ—Å—É–µ—Ç —Å–ø–µ—Ü–∏–∞–ª—å–Ω–æ—Å—Ç—å ""–¢–µ–æ—Ä–µ—Ç–∏—á–µ—Å–∫–∞—è –∏ –ø—Ä–∏–∫–ª–∞–¥–Ω–∞—è –ª–∏–Ω–≥–≤–∏—Å—Ç–∏–∫–∞"" (–∫–æ–¥ 45.03.02, –ø—Ä–æ—Ñ–∏–ª—å 01), —Ç–æ –≤ 2024 –≥–æ–¥—É –ø—Ä–æ—Ö–æ–¥–Ω–æ–π –±–∞–ª–ª –¥–ª—è –ø–ª–∞—Ç–Ω–æ–≥–æ –æ–±—É—á–µ–Ω–∏—è —Å–æ—Å—Ç–∞–≤–∏–ª **191** –±–∞–ª–ª, –∞ –≤ 2023 –≥–æ–¥—É ‚Äî **173** –±–∞–ª–ª–∞. –ù–∞ –±—é–¥–∂–µ—Ç–Ω—ã–µ –º–µ—Å—Ç–∞ –ø—Ä–æ—Ö–æ–¥–Ω—ã–µ –±–∞–ª–ª—ã –ø–æ–∫–∞ –Ω–µ –æ–ø—Ä–µ–¥–µ–ª–µ–Ω—ã.

–ï—Å–ª–∏ —É –≤–∞—Å –µ—Å—Ç—å –≤–æ–ø—Ä–æ—Å—ã –æ –¥—Ä—É–≥–∏—Ö –Ω–∞–ø—Ä–∞–≤–ª–µ–Ω–∏—è—Ö –∏–ª–∏ –Ω–µ–æ–±—Ö–æ–¥–∏–º–∞ –¥–æ–ø–æ–ª–Ω–∏—Ç–µ–ª—å–Ω–∞—è –∏–Ω—Ñ–æ—Ä–º–∞—Ü–∏—è –æ –ø–æ—Å—Ç—É–ø–ª–µ–Ω–∏–∏, –ø–æ–∂–∞–ª—É–π—Å—Ç–∞, –¥–∞–π—Ç–µ –∑–Ω–∞—Ç—å! –í—ã —Ç–∞–∫–∂–µ –º–æ–∂–µ—Ç–µ –æ–±—Ä–∞—Ç–∏—Ç—å—Å—è –≤ –ø—Ä–∏—ë–º–Ω—É—é –∫–æ–º–∏—Å—Å–∏—é.

<b>–¢–µ–ª–µ—Ñ–æ–Ω:</b> +7 (499) 263-63-91  
<b>Email:</b> <a href=""mailto:pk@bmstu.ru"">pk@bmstu.ru</a>
<b>–û—Ñ–∏—Ü–∏–∞–ª—å–Ω—ã–π —Å–∞–π—Ç:</b> <a href="""">http://vk.com/ab_bmstu1830</a>"
–ö–∞–∫–∏–µ –ø—Ä–æ—Ö–æ–¥–Ω—ã–µ –Ω–∞ –±—é–¥–∂–µ—Ç –Ω–∞ –Ω–∞–ø—Ä–∞–≤–ª–µ–Ω–∏–µ 09.03.03 –≤ 2024 –≥–æ–¥—É,"{
    ""role"": ""assistant"",
    ""text"": "":–ó–¥—Ä–∞–≤—Å—Ç–≤—É–π—Ç–µ! –Ø –≤–∏—Ä—Ç—É–∞–ª—å–Ω—ã–π –∞—Å—Å–∏—Å—Ç–µ–Ω—Ç –ø—Ä–∏—ë–º–Ω–æ–π –∫–æ–º–∏—Å—Å–∏–∏ –ú–ì–¢–£ –∏–º. –ù.–≠. –ë–∞—É–º–∞–Ω–∞. –°–ø–∞—Å–∏–±–æ –∑–∞ –∑–∞–¥–∞–Ω–Ω—ã–π –≤–æ–ø—Ä–æ—Å!\
\
–ö —Å–æ–∂–∞–ª–µ–Ω–∏—é, —É –º–µ–Ω—è –Ω–µ—Ç –∏–Ω—Ñ–æ—Ä–º–∞—Ü–∏–∏ –æ –ø—Ä–æ—Ö–æ–¥–Ω—ã—Ö –±–∞–ª–ª–∞—Ö –Ω–∞ –±—é–¥–∂–µ—Ç –ø–æ –∫–æ–Ω–∫—Ä–µ—Ç–Ω–æ–º—É –Ω–∞–ø—Ä–∞–≤–ª–µ–Ω–∏—é –ø–æ–¥–≥–æ—Ç–æ–≤–∫–∏, —Ç–∞–∫ –∫–∞–∫ —ç—Ç–æ –∑–∞–≤–∏—Å–∏—Ç –æ—Ç –º–Ω–æ–≥–∏—Ö —Ñ–∞–∫—Ç–æ—Ä–æ–≤, –≤–∫–ª—é—á–∞—è –∫–æ–ª–∏—á–µ—Å—Ç–≤–æ –ø–æ–¥–∞–Ω–Ω—ã—Ö –∑–∞—è–≤–ª–µ–Ω–∏–π, —Ä–µ–∑—É–ª—å—Ç–∞—Ç—ã —ç–∫–∑–∞–º–µ–Ω–æ–≤ –∏ –¥—Ä—É–≥–∏–µ –∫—Ä–∏—Ç–µ—Ä–∏–∏.\
\
–î–ª—è –ø–æ–ª—É—á–µ–Ω–∏—è –∞–∫—Ç—É–∞–ª—å–Ω–æ–π –∏–Ω—Ñ–æ—Ä–º–∞—Ü–∏–∏ –æ –ø—Ä–æ—Ö–æ–¥–Ω—ã—Ö –±–∞–ª–ª–∞—Ö —Ä–µ–∫–æ–º–µ–Ω–¥—É–µ—Ç—Å—è –ø–æ—Å–µ—Ç–∏—Ç—å –æ—Ñ–∏—Ü–∏–∞–ª—å–Ω—ã–π —Å–∞–π—Ç –ø—Ä–∏—ë–º–Ω–æ–π –∫–æ–º–∏—Å—Å–∏–∏: pk.bauman.ru.\
\
–°–ø–∞—Å–∏–±–æ –∑–∞ –æ–±—Ä–∞—â–µ–Ω–∏–µ!""
}"
–∫–∞–∫–æ–π –ø—Ä–æ—Ö–æ–¥–Ω–æ–π –±–∞–ª–ª –Ω–∞ –Ω–∞–ø—Ä–∞–≤–ª–µ–Ω–∏–µ –ú–∞—Ç–µ–º–∞—Ç–∏—á–µ—Å–∫–æ–µ –º–æ–¥–µ–ª–∏—Ä–æ–≤–∞–Ω–∏–µ –≤ 2023 –≥–æ–¥—É –Ω–∞ –±—é–¥–∂–µ—Ç?,–ü—Ä–æ—Ö–æ–¥–Ω–æ–π –±–∞–ª–ª –Ω–∞ –Ω–∞–ø—Ä–∞–≤–ª–µ–Ω–∏–µ ¬´–ú–∞—Ç–µ–º–∞—Ç–∏—á–µ—Å–∫–æ–µ –∏ –∫–æ–º–ø—å—é—Ç–µ—Ä–Ω–æ–µ –º–æ–¥–µ–ª–∏—Ä–æ–≤–∞–Ω–∏–µ –≤ —ç–∫–æ–Ω–æ–º–∏–∫–µ¬ª (–∫–æ–¥ 02.03.01) –Ω–∞ –±—é–¥–∂–µ—Ç–Ω–æ–µ –º–µ—Å—Ç–æ –≤ 2023 –≥–æ–¥—É —Å–æ—Å—Ç–∞–≤–ª—è–ª 255 –±–∞–ª–ª–æ–≤.
